url,in_degree,out_degree,total_degree,degree_centrality,betweenness_centrality,closeness_centrality,pagerank,weak_component_id,weak_component_size,in_largest_component
https://prz.edu.pl/uczelnia/dzialania-na-rzecz-poprawy-zapewniania-dostepnosci/o-politechnice-rzeszowskiej---tekst-latwy-do-czytania-etr,26,0,26,0.06356968,0.00000000,0.00000000,0.00335447,1,401,True
https://prz.edu.pl/,27,58,85,0.20782396,0.02010389,0.52286578,0.00307403,1,401,True
https://prz.edu.pl/konto-uzytkownika,27,9,36,0.08801956,0.00017941,0.34253518,0.00307403,1,401,True
https://prz.edu.pl/en,27,0,27,0.06601467,0.00000000,0.00000000,0.00307403,1,401,True
https://prz.edu.pl/uczelnia/projekty-realizowane-ze-srodkow-budzetu-panstwa-lub-ze-srodkow-panstwowego-funduszu-celowego,27,0,27,0.06601467,0.00000000,0.00000000,0.00307403,1,401,True
https://prz.edu.pl/wyszukiwarka,27,0,27,0.06601467,0.00000000,0.00000000,0.00307403,1,401,True
https://prz.edu.pl/uczelnia/postepowanie-w-sytuacji-zagrozen,19,0,19,0.04645477,0.00000000,0.00000000,0.00294238,1,401,True
https://prz.edu.pl/deklaracja-dostepnosci.php,1,4,5,0.01222494,0.00000000,0.00733496,0.00289999,1,401,True
http://prz.edu.pl/,1,0,1,0.00244499,0.00000000,0.00000000,0.00289999,1,401,True
https://prz.edu.pl/files/projects/1/pl/core_settings/lista_kontrolna_badanie_dostepnosci_cyfrowej_strony_glowna.pdf,1,0,1,0.00244499,0.00000000,0.00000000,0.00289999,1,401,True
https://prz.edu.pl/mapa-strony,14,0,14,0.03422983,0.00000000,0.00000000,0.00285040,1,401,True
https://prz.edu.pl/studenci_menu/kalendarz-rok-akademicki,26,136,162,0.39608802,0.00494278,0.47869823,0.00278382,1,401,True
https://prz.edu.pl/uczelnia/aktualnosci,26,134,160,0.39119804,0.00528327,0.51864344,0.00278382,1,401,True
"https://prz.edu.pl/uczelnia/aktualnosci/filtr,wydarzenia,7.html",26,134,160,0.39119804,0.00533620,0.51864344,0.00278382,1,401,True
https://prz.edu.pl/absolwenci/studia-podyplomowe,26,124,150,0.36674817,0.00156596,0.47166717,0.00278382,1,401,True
https://prz.edu.pl/uczelnia,26,119,145,0.35452323,0.00086782,0.46879815,0.00278382,1,401,True
https://prz.edu.pl/absolwenci/badania-losow-absolwentow,26,118,144,0.35207824,0.00033959,0.46822853,0.00278382,1,401,True
https://prz.edu.pl/doktoranci-prz/doktorat-wdrozeniowy,26,118,144,0.35207824,0.00040551,0.46822853,0.00278382,1,401,True
https://prz.edu.pl/doktoranci-prz/komunikaty/swiadczenia-dla-doktorantow,26,118,144,0.35207824,0.00068321,0.46994156,0.00278382,1,401,True
https://prz.edu.pl/studenci_menu/organizacje-studenckie,26,118,144,0.35207824,0.00045249,0.46822853,0.00278382,1,401,True
https://prz.edu.pl/studenci_menu/studenckie-abc,26,118,144,0.35207824,0.00045249,0.46822853,0.00278382,1,401,True
https://prz.edu.pl/absolwenci,26,117,143,0.34963325,0.00026468,0.46766029,0.00278382,1,401,True
https://prz.edu.pl/doktoranci-prz,26,117,143,0.34963325,0.00026468,0.46766029,0.00278382,1,401,True
https://prz.edu.pl/studenci_menu,26,117,143,0.34963325,0.00026468,0.46766029,0.00278382,1,401,True
https://prz.edu.pl/uczelnia/dobre-praktyki,26,0,26,0.06356968,0.00000000,0.00000000,0.00278382,1,401,True
https://prz.edu.pl/uczelnia/dzialania-na-rzecz-poprawy-zapewniania-dostepnosci,26,0,26,0.06356968,0.00000000,0.00000000,0.00278382,1,401,True
https://prz.edu.pl/uczelnia/odpowiedzialnosc-dyscyplinarna,26,0,26,0.06356968,0.00000000,0.00000000,0.00278382,1,401,True
https://prz.edu.pl/uczelnia/plan-sytuacyjny,26,0,26,0.06356968,0.00000000,0.00000000,0.00278382,1,401,True
https://prz.edu.pl/uczelnia/wirtualny-spacer,26,0,26,0.06356968,0.00000000,0.00000000,0.00278382,1,401,True
https://prz.edu.pl/deklaracja-dostepnosci,10,0,10,0.02444988,0.00000000,0.00000000,0.00277333,1,401,True
https://prz.edu.pl/pracownicy,24,127,151,0.36919315,0.00183778,0.47457152,0.00275790,1,401,True
https://prz.edu.pl/media/patronat-jm-rektora-politechniki-rzeszowskiej,24,122,146,0.35696822,0.00108111,0.47109056,0.00275790,1,401,True
https://prz.edu.pl/pracownicy/przydatne-strony,24,116,140,0.34229829,0.00034482,0.46709343,0.00275790,1,401,True
https://prz.edu.pl/doktoranci-prz/doktorat-wdrozeniowy/dokumenty-do-pobrania,25,0,25,0.06112469,0.00000000,0.00000000,0.00273879,1,401,True
https://prz.edu.pl/doktoranci-prz/doktorat-wdrozeniowy/informacje-ogolne,25,0,25,0.06112469,0.00000000,0.00000000,0.00273879,1,401,True
https://prz.edu.pl/studenci_menu/kredyty-studenckie,25,0,25,0.06112469,0.00000000,0.00000000,0.00273879,1,401,True
https://prz.edu.pl/studenci_menu/legia-akademicka,25,0,25,0.06112469,0.00000000,0.00000000,0.00273879,1,401,True
https://prz.edu.pl/studenci_menu/organizacje-studenckie/aktualnosci,25,0,25,0.06112469,0.00000000,0.00000000,0.00273879,1,401,True
https://prz.edu.pl/studenci_menu/organizacje-studenckie/regulamin-uosid,25,0,25,0.06112469,0.00000000,0.00000000,0.00273879,1,401,True
https://prz.edu.pl/studenci_menu/plany-studiow,25,0,25,0.06112469,0.00000000,0.00000000,0.00273879,1,401,True
https://prz.edu.pl/studenci_menu/studenci-niepelnosprawni/nagroda-dla-nauczycieli--tworcow-edukacyjnego-oprogramowania-i-niepelnosprawnych-doroslych,25,0,25,0.06112469,0.00000000,0.00000000,0.00273879,1,401,True
https://prz.edu.pl/studenci_menu/studenci-niepelnosprawni/wsparcie-absolwentow-we-wchodzeniu-na-rynek-pracy,25,0,25,0.06112469,0.00000000,0.00000000,0.00273879,1,401,True
https://prz.edu.pl/studenci_menu/studenci-niepelnosprawni/wsparcie-dla-osob-niepelnosprawnych-na-prz,25,0,25,0.06112469,0.00000000,0.00000000,0.00273879,1,401,True
https://prz.edu.pl/studenci_menu/swiadczenia-dla-studentow/klauzula-informacyjna-swiadczenia,25,0,25,0.06112469,0.00000000,0.00000000,0.00273879,1,401,True
https://prz.edu.pl/studenci_menu/swiadczenia-dla-studentow/stypendium-marszalka-wojewodztwa-podkarpackiego-dla-studentow-pierwszego-roku,25,0,25,0.06112469,0.00000000,0.00000000,0.00273879,1,401,True
https://prz.edu.pl/studenci_menu/swiadczenia-dla-studentow/stypendium-ministra,25,0,25,0.06112469,0.00000000,0.00000000,0.00273879,1,401,True
https://prz.edu.pl/studenci_menu/swiadczenia-dla-studentow/stypendium-rektora,25,0,25,0.06112469,0.00000000,0.00000000,0.00273879,1,401,True
https://prz.edu.pl/studenci_menu/swiadczenia-dla-studentow/stypendium-socjalne--stypendium-dla-osob-niepelnosprawnych-i-zapomoga/stypendium-socjalne-stypendium-dla-osob-niepelnosprawnych-i-zapomoga-rok-akad-2025-26,25,0,25,0.06112469,0.00000000,0.00000000,0.00273879,1,401,True
https://prz.edu.pl/studenci_menu/swiadczenia-dla-studentow/stypendium-z-wlasnego-funduszu,25,0,25,0.06112469,0.00000000,0.00000000,0.00273879,1,401,True
"https://prz.edu.pl/uczelnia/aktualnosci/filtr,kultura,9.html",25,0,25,0.06112469,0.00000000,0.00000000,0.00273879,1,401,True
"https://prz.edu.pl/uczelnia/aktualnosci/filtr,nauka,4.html",25,0,25,0.06112469,0.00000000,0.00000000,0.00273879,1,401,True
"https://prz.edu.pl/uczelnia/aktualnosci/filtr,odeszli-od-nas,10.html",25,0,25,0.06112469,0.00000000,0.00000000,0.00273879,1,401,True
"https://prz.edu.pl/uczelnia/aktualnosci/filtr,sport,8.html",25,0,25,0.06112469,0.00000000,0.00000000,0.00273879,1,401,True
"https://prz.edu.pl/uczelnia/aktualnosci/filtr,wspolpraca-miedzynarodowa,5.html",25,0,25,0.06112469,0.00000000,0.00000000,0.00273879,1,401,True
"https://prz.edu.pl/uczelnia/aktualnosci/filtr,wspolpraca-z-gospodarka,6.html",25,0,25,0.06112469,0.00000000,0.00000000,0.00273879,1,401,True
"https://prz.edu.pl/uczelnia/aktualnosci/filtr,z-zycia-studentow,3.html",25,0,25,0.06112469,0.00000000,0.00000000,0.00273879,1,401,True
https://prz.edu.pl/uczelnia/aktualnosci/konferencje-i-seminaria,25,0,25,0.06112469,0.00000000,0.00000000,0.00273879,1,401,True
https://prz.edu.pl/uczelnia/dobre-praktyki/biuro-ds-wartosci-akademickich,25,0,25,0.06112469,0.00000000,0.00000000,0.00273879,1,401,True
https://prz.edu.pl/uczelnia/dobre-praktyki/komisja-pojednawcza,25,0,25,0.06112469,0.00000000,0.00000000,0.00273879,1,401,True
https://prz.edu.pl/uczelnia/dobre-praktyki/mediatorzy,25,0,25,0.06112469,0.00000000,0.00000000,0.00273879,1,401,True
https://prz.edu.pl/uczelnia/dobre-praktyki/ochrona-maloletnich,25,0,25,0.06112469,0.00000000,0.00000000,0.00273879,1,401,True
https://prz.edu.pl/uczelnia/dobre-praktyki/plan-rownosci-plci,25,0,25,0.06112469,0.00000000,0.00000000,0.00273879,1,401,True
https://prz.edu.pl/uczelnia/dobre-praktyki/przeciwdzialanie-mobbingowi,25,0,25,0.06112469,0.00000000,0.00000000,0.00273879,1,401,True
https://prz.edu.pl/uczelnia/dobre-praktyki/rzecznik-praw-studentow,25,0,25,0.06112469,0.00000000,0.00000000,0.00273879,1,401,True
https://prz.edu.pl/uczelnia/dobre-praktyki/wsparcie-psychologiczne,25,0,25,0.06112469,0.00000000,0.00000000,0.00273879,1,401,True
https://prz.edu.pl/uczelnia/dobre-praktyki/zasady-etyki,25,0,25,0.06112469,0.00000000,0.00000000,0.00273879,1,401,True
https://prz.edu.pl/uczelnia/dzialania-na-rzecz-poprawy-zapewniania-dostepnosci/informacja-o-zakresie-dzialalnosci-politechniki-rzeszowskiej,25,0,25,0.06112469,0.00000000,0.00000000,0.00273879,1,401,True
https://prz.edu.pl/uczelnia/informacje/doktoraty-honoris-causa,25,0,25,0.06112469,0.00000000,0.00000000,0.00273879,1,401,True
https://prz.edu.pl/uczelnia/informacje/historia-prz/patron-prz,25,0,25,0.06112469,0.00000000,0.00000000,0.00273879,1,401,True
https://prz.edu.pl/uczelnia/informacje/historia-prz/poczet-rektorow,25,0,25,0.06112469,0.00000000,0.00000000,0.00273879,1,401,True
https://prz.edu.pl/uczelnia/informacje/historia-prz/powstanie-i-rozwoj,25,0,25,0.06112469,0.00000000,0.00000000,0.00273879,1,401,True
https://prz.edu.pl/uczelnia/informacje/historia-prz/tradycje,25,0,25,0.06112469,0.00000000,0.00000000,0.00273879,1,401,True
https://prz.edu.pl/uczelnia/informacje/misja,25,0,25,0.06112469,0.00000000,0.00000000,0.00273879,1,401,True
https://prz.edu.pl/uczelnia/informacje/sukcesy-uczelni,25,0,25,0.06112469,0.00000000,0.00000000,0.00273879,1,401,True
https://prz.edu.pl/uczelnia/nauka,25,0,25,0.06112469,0.00000000,0.00000000,0.00273879,1,401,True
https://prz.edu.pl/uczelnia/odpowiedzialnosc-dyscyplinarna/nauczyciele,25,0,25,0.06112469,0.00000000,0.00000000,0.00273879,1,401,True
https://prz.edu.pl/uczelnia/odpowiedzialnosc-dyscyplinarna/studenci,25,0,25,0.06112469,0.00000000,0.00000000,0.00273879,1,401,True
https://prz.edu.pl/uczelnia/organizacje-i-zwiazki,25,0,25,0.06112469,0.00000000,0.00000000,0.00273879,1,401,True
https://prz.edu.pl/uczelnia/projekty-realizowane-ze-srodkow-budzetu-panstwa-lub-ze-srodkow-panstwowego-funduszu-celowego/budowa-hangaru-dla-szybowcow-w-akademickim-osrodku-szybowcowym-w-bezmiechowej,25,0,25,0.06112469,0.00000000,0.00000000,0.00273879,1,401,True
https://prz.edu.pl/uczelnia/projekty-realizowane-ze-srodkow-budzetu-panstwa-lub-ze-srodkow-panstwowego-funduszu-celowego/budowa-kompleksu-sportowego-orlik-2024-dla-politechniki-rzeszowskiej-w-rzeszowie,25,0,25,0.06112469,0.00000000,0.00000000,0.00273879,1,401,True
https://prz.edu.pl/uczelnia/projekty-realizowane-ze-srodkow-budzetu-panstwa-lub-ze-srodkow-panstwowego-funduszu-celowego/budowa-magazynu-odczynnikow-i-odpadow-chemicznych,25,0,25,0.06112469,0.00000000,0.00000000,0.00273879,1,401,True
https://prz.edu.pl/uczelnia/projekty-realizowane-ze-srodkow-budzetu-panstwa-lub-ze-srodkow-panstwowego-funduszu-celowego/budowa-serwerowni,25,0,25,0.06112469,0.00000000,0.00000000,0.00273879,1,401,True
https://prz.edu.pl/uczelnia/projekty-realizowane-ze-srodkow-budzetu-panstwa-lub-ze-srodkow-panstwowego-funduszu-celowego/dostosowanie-ppoz-w-aos-w-bezmiechowej-gornej,25,0,25,0.06112469,0.00000000,0.00000000,0.00273879,1,401,True
https://prz.edu.pl/uczelnia/projekty-realizowane-ze-srodkow-budzetu-panstwa-lub-ze-srodkow-panstwowego-funduszu-celowego/modernizacja-kotlowni-w-osrodku-ksztalcenia-lotniczego-w-jasionce,25,0,25,0.06112469,0.00000000,0.00000000,0.00273879,1,401,True
https://prz.edu.pl/uczelnia/projekty-realizowane-ze-srodkow-budzetu-panstwa-lub-ze-srodkow-panstwowego-funduszu-celowego/organizacja-ii-konferencji-naukowej-nauki-o-zarzadzaniu,25,0,25,0.06112469,0.00000000,0.00000000,0.00273879,1,401,True
https://prz.edu.pl/uczelnia/projekty-realizowane-ze-srodkow-budzetu-panstwa-lub-ze-srodkow-panstwowego-funduszu-celowego/przebudowa-toalet-w-budynku-o,25,0,25,0.06112469,0.00000000,0.00000000,0.00273879,1,401,True
https://prz.edu.pl/uczelnia/projekty-realizowane-ze-srodkow-budzetu-panstwa-lub-ze-srodkow-panstwowego-funduszu-celowego/rozbudowa-budynku-arcus,25,0,25,0.06112469,0.00000000,0.00000000,0.00273879,1,401,True
https://prz.edu.pl/uczelnia/projekty-realizowane-ze-srodkow-budzetu-panstwa-lub-ze-srodkow-panstwowego-funduszu-celowego/wsparcie-czasopism-naukowych,25,0,25,0.06112469,0.00000000,0.00000000,0.00273879,1,401,True
https://prz.edu.pl/uczelnia/projekty-realizowane-ze-srodkow-budzetu-panstwa-lub-ze-srodkow-panstwowego-funduszu-celowego/wykonanie-instalacji-oraz-dostosowanie-ppoz-w-budynku-k,25,0,25,0.06112469,0.00000000,0.00000000,0.00273879,1,401,True
https://prz.edu.pl/uczelnia/projekty-realizowane-ze-srodkow-budzetu-panstwa-lub-ze-srodkow-panstwowego-funduszu-celowego/wykonanie-sieci-energetycznej-do-budynku-k-i-h,25,0,25,0.06112469,0.00000000,0.00000000,0.00273879,1,401,True
https://prz.edu.pl/uczelnia/projekty-realizowane-ze-srodkow-budzetu-panstwa-lub-ze-srodkow-panstwowego-funduszu-celowego/zakup-mikroskopu-elektronowego-sem-wraz-z-napylarka,25,0,25,0.06112469,0.00000000,0.00000000,0.00273879,1,401,True
https://prz.edu.pl/uczelnia/projekty-realizowane-ze-srodkow-budzetu-panstwa-lub-ze-srodkow-panstwowego-funduszu-celowego/zakup-systemu-do-montazu-struktur-polprzewodnikowych,25,0,25,0.06112469,0.00000000,0.00000000,0.00273879,1,401,True
https://prz.edu.pl/uczelnia/projekty-realizowane-ze-srodkow-budzetu-panstwa-lub-ze-srodkow-panstwowego-funduszu-celowego/zakup-systemu-zarzadzania-flota-pojazdow-amr,25,0,25,0.06112469,0.00000000,0.00000000,0.00273879,1,401,True
https://prz.edu.pl/uczelnia/projekty-realizowane-ze-srodkow-budzetu-panstwa-lub-ze-srodkow-panstwowego-funduszu-celowego/zakup-wieloparametrowego-systemu-inspekcyjnego,25,0,25,0.06112469,0.00000000,0.00000000,0.00273879,1,401,True
https://prz.edu.pl/uczelnia/projekty-realizowane-ze-srodkow-budzetu-panstwa-lub-ze-srodkow-panstwowego-funduszu-celowego/zakup-wyposazenia-pracowni-badan-cykli-cieplnych-i-struktur-materialow,25,0,25,0.06112469,0.00000000,0.00000000,0.00273879,1,401,True
https://prz.edu.pl/uczelnia/struktura-organizacyjna/wydzialy,25,0,25,0.06112469,0.00000000,0.00000000,0.00273879,1,401,True
https://prz.edu.pl/badania-i-nauka/centra,23,0,23,0.05623472,0.00000000,0.00000000,0.00271286,1,401,True
https://prz.edu.pl/badania-i-nauka/granty-i-fundusze-europejskie,23,0,23,0.05623472,0.00000000,0.00000000,0.00271286,1,401,True
https://prz.edu.pl/badania-i-nauka/granty-naukowe-krajowe,23,0,23,0.05623472,0.00000000,0.00000000,0.00271286,1,401,True
https://prz.edu.pl/badania-i-nauka/laboratoria,23,0,23,0.05623472,0.00000000,0.00000000,0.00271286,1,401,True
https://prz.edu.pl/badania-i-nauka/nadchodzace-wydarzenia,23,0,23,0.05623472,0.00000000,0.00000000,0.00271286,1,401,True
https://prz.edu.pl/media/rzecznik-prasowy,23,0,23,0.05623472,0.00000000,0.00000000,0.00271286,1,401,True
https://prz.edu.pl/pomoc-techniczna,23,0,23,0.05623472,0.00000000,0.00000000,0.00271286,1,401,True
https://prz.edu.pl/pracownicy/dydaktyczne-czwartki,23,0,23,0.05623472,0.00000000,0.00000000,0.00271286,1,401,True
https://prz.edu.pl/pracownicy/ogloszenia-pracownicze/ogolnodostepne,23,0,23,0.05623472,0.00000000,0.00000000,0.00271286,1,401,True
https://prz.edu.pl/pracownicy/ogloszenia-pracownicze/tylko-dla-zalogowanych,23,0,23,0.05623472,0.00000000,0.00000000,0.00271286,1,401,True
https://prz.edu.pl/pracownicy/sprawy-pracownicze/administratorzy-budynkow-portiernie,23,0,23,0.05623472,0.00000000,0.00000000,0.00271286,1,401,True
https://prz.edu.pl/pracownicy/sprawy-pracownicze/obsluga-prawna,23,0,23,0.05623472,0.00000000,0.00000000,0.00271286,1,401,True
https://prz.edu.pl/uczelnia/organizacje-i-zwiazki/kolezenska-kasa-oszczednosciowo-pozyczkowa-przy-politechnice-rzeszowskiej,23,0,23,0.05623472,0.00000000,0.00000000,0.00271286,1,401,True
https://prz.edu.pl/uczelnia/organizacje-i-zwiazki/zwiazki-zawodowe,23,0,23,0.05623472,0.00000000,0.00000000,0.00271286,1,401,True
https://prz.edu.pl/media/do-pobrania/kroj-pisma,22,0,22,0.05378973,0.00000000,0.00000000,0.00269547,1,401,True
https://prz.edu.pl/media/do-pobrania/ksiega-standardow-identyfikacji-wizualnej,22,0,22,0.05378973,0.00000000,0.00000000,0.00269547,1,401,True
https://prz.edu.pl/media/do-pobrania/okladki-prac-doktorskich,22,0,22,0.05378973,0.00000000,0.00000000,0.00269547,1,401,True
https://prz.edu.pl/media/do-pobrania/papier-firmowy,22,0,22,0.05378973,0.00000000,0.00000000,0.00269547,1,401,True
https://prz.edu.pl/media/do-pobrania/plan-sytuacyjny-miasteczka-akademickiego,22,0,22,0.05378973,0.00000000,0.00000000,0.00269547,1,401,True
https://prz.edu.pl/media/do-pobrania/prezentacja-multimedialna,22,0,22,0.05378973,0.00000000,0.00000000,0.00269547,1,401,True
https://prz.edu.pl/media/do-pobrania/spot-promocyjny,22,0,22,0.05378973,0.00000000,0.00000000,0.00269547,1,401,True
https://prz.edu.pl/media/do-pobrania/szablon-prezentacji-multimedialnej,22,0,22,0.05378973,0.00000000,0.00000000,0.00269547,1,401,True
https://prz.edu.pl/media/do-pobrania/znaki-graficzne,22,0,22,0.05378973,0.00000000,0.00000000,0.00269547,1,401,True
https://prz.edu.pl/cas/login/front?redirect=/konto-uzytkownika,1,0,1,0.00244499,0.00000000,0.00000000,0.00257452,1,401,True
https://prz.edu.pl/media,3,118,121,0.29584352,0.00020943,0.46994156,0.00236531,1,401,True
https://prz.edu.pl/uczelnia/aktualnosci/klub-biegacza-podsumowanie-sezonu-2977.html,3,151,154,0.37652812,0.00969817,0.51794634,0.00236465,1,401,True
https://prz.edu.pl/uczelnia/aktualnosci/sukces-studentow-kola-naukowego-machine-learninga-2978.html,3,118,121,0.29584352,0.00036269,0.46994156,0.00236465,1,401,True
https://prz.edu.pl/rss/pl/4.xml,5,0,5,0.01222494,0.00000000,0.00000000,0.00236258,1,401,True
https://prz.edu.pl/studenci_menu/wyszukiwarka,4,0,4,0.00977995,0.00000000,0.00000000,0.00235845,1,401,True
https://prz.edu.pl/doktoranci-prz/komunikaty,2,118,120,0.29339853,0.00051929,0.47051536,0.00234939,1,401,True
https://prz.edu.pl/pracownicy/ogloszenia-pracownicze,2,118,120,0.29339853,0.00036478,0.46994156,0.00234780,1,401,True
https://prz.edu.pl/pracownicy/centrala-telefoniczna,2,0,2,0.00488998,0.00000000,0.00000000,0.00234780,1,401,True
https://prz.edu.pl/pracownicy/poczta-elektroniczna,2,0,2,0.00488998,0.00000000,0.00000000,0.00234780,1,401,True
https://prz.edu.pl/pracownicy/struktura-organizacyjna,2,0,2,0.00488998,0.00000000,0.00000000,0.00234780,1,401,True
https://prz.edu.pl/uczelnia/aktualnosci/zmarl-dr-inz-wladyslaw-szymanski-2979.html,2,0,2,0.00488998,0.00000000,0.00000000,0.00234700,1,401,True
https://prz.edu.pl/media/do-pobrania,2,119,121,0.29584352,0.00021322,0.47051536,0.00234638,1,401,True
https://prz.edu.pl/badania-i-nauka/dorobek-naukowy,2,0,2,0.00488998,0.00000000,0.00000000,0.00234612,1,401,True
https://prz.edu.pl/uczelnia/aktualnosci/wyszukiwarka,4,0,4,0.00977995,0.00000000,0.00000000,0.00234492,1,401,True
https://prz.edu.pl/forum,3,0,3,0.00733496,0.00000000,0.00000000,0.00233732,1,401,True
https://prz.edu.pl/uczelnia/aktualnosci/ignis-polska-siega-gwiazd-2903.html,1,157,158,0.38630807,0.01063102,0.52643727,0.00232934,1,401,True
https://prz.edu.pl/studenci_menu/swiadczenia-dla-studentow,1,119,120,0.29339853,0.00066911,0.47166717,0.00232934,1,401,True
https://prz.edu.pl/badania-i-nauka,1,118,119,0.29095355,0.00051030,0.47051536,0.00232934,1,401,True
https://prz.edu.pl/absolwenci/biuro-karier,1,0,1,0.00244499,0.00000000,0.00000000,0.00232934,1,401,True
https://prz.edu.pl/cas/login/front?redirect=/,1,0,1,0.00244499,0.00000000,0.00000000,0.00232934,1,401,True
https://prz.edu.pl/doktoranci,1,0,1,0.00244499,0.00000000,0.00000000,0.00232934,1,401,True
https://prz.edu.pl/doktoranci-prz/studia-doktoranckie,1,0,1,0.00244499,0.00000000,0.00000000,0.00232934,1,401,True
https://prz.edu.pl/kandydaci,1,0,1,0.00244499,0.00000000,0.00000000,0.00232934,1,401,True
https://prz.edu.pl/pracownicy/sprawy-pracownicze/sekcja-ds-socjalnych-i-bytowych,1,0,1,0.00244499,0.00000000,0.00000000,0.00232934,1,401,True
https://prz.edu.pl/studenci,1,0,1,0.00244499,0.00000000,0.00000000,0.00232934,1,401,True
https://prz.edu.pl/studenci_menu/pomoc-osobom-z-niepelnosprawnosciami,1,0,1,0.00244499,0.00000000,0.00000000,0.00232934,1,401,True
https://prz.edu.pl/studenci_menu/strony-domowe-pracownikow,1,0,1,0.00244499,0.00000000,0.00000000,0.00232934,1,401,True
https://prz.edu.pl/uczelnia/aktualnosci/uroczyste-otwarcie-magazynu-odczynnikow-i-odpadow-chemicznych-2947.html,1,0,1,0.00244499,0.00000000,0.00000000,0.00232934,1,401,True
https://prz.edu.pl/uczelnia/informacje,1,0,1,0.00244499,0.00000000,0.00000000,0.00232934,1,401,True
https://prz.edu.pl/uczelnia/kontakt,1,0,1,0.00244499,0.00000000,0.00000000,0.00232934,1,401,True
https://prz.edu.pl/uczelnia/nauka/prof-dr-hab-inz-tomasz-ruman-kierownikiem-projektu-w-ramach-programu-narodowego-centrum-nauki-opus-29-81.html,1,0,1,0.00244499,0.00000000,0.00000000,0.00232934,1,401,True
https://prz.edu.pl/uczelnia/struktura-organizacyjna,1,0,1,0.00244499,0.00000000,0.00000000,0.00232934,1,401,True
https://prz.edu.pl/uczelnia/struktura-organizacyjna/wladze-uczelni,1,0,1,0.00244499,0.00000000,0.00000000,0.00232934,1,401,True
https://prz.edu.pl/absolwenci/wyszukiwarka,2,0,2,0.00488998,0.00000000,0.00000000,0.00232344,1,401,True
https://prz.edu.pl/pracownicy/wyszukiwarka,2,0,2,0.00488998,0.00000000,0.00000000,0.00232143,1,401,True
https://prz.edu.pl/doktoranci-prz/wyszukiwarka,2,0,2,0.00488998,0.00000000,0.00000000,0.00232128,1,401,True
https://prz.edu.pl/media/wyszukiwarka,2,0,2,0.00488998,0.00000000,0.00000000,0.00232028,1,401,True
https://prz.edu.pl/uczelnia/aktualnosci/8-marca-2026-2974.html,2,0,2,0.00488998,0.00000000,0.00000000,0.00231962,1,401,True
https://prz.edu.pl/uczelnia/aktualnosci/archiv.html,2,0,2,0.00488998,0.00000000,0.00000000,0.00231962,1,401,True
https://prz.edu.pl/uczelnia/aktualnosci/dzien-otwarty-politechniki-rzeszowskiejhhh-2972.html,2,0,2,0.00488998,0.00000000,0.00000000,0.00231962,1,401,True
https://prz.edu.pl/uczelnia/aktualnosci/konkurs-politalks-na-najciekawsze-wystapienie-w-jezyku-angielskim-2976.html,2,0,2,0.00488998,0.00000000,0.00000000,0.00231962,1,401,True
https://prz.edu.pl/uczelnia/aktualnosci/ogolnopolski-dzien-inzynierii-materialowej-2973.html,2,0,2,0.00488998,0.00000000,0.00000000,0.00231962,1,401,True
https://prz.edu.pl/uczelnia/aktualnosci/premiera-legendary-30-2975.html,2,0,2,0.00488998,0.00000000,0.00000000,0.00231962,1,401,True
https://prz.edu.pl/cas/login/front?redirect=/absolwenci,1,0,1,0.00244499,0.00000000,0.00000000,0.00230453,1,401,True
https://prz.edu.pl/cas/login/front?redirect=/doktoranci-prz,1,0,1,0.00244499,0.00000000,0.00000000,0.00230453,1,401,True
https://prz.edu.pl/cas/login/front?redirect=/studenci_menu,1,0,1,0.00244499,0.00000000,0.00000000,0.00230453,1,401,True
https://prz.edu.pl/cas/login/front?redirect=/pracownicy/przydatne-strony,1,0,1,0.00244499,0.00000000,0.00000000,0.00230451,1,401,True
https://prz.edu.pl/cas/login/front?redirect=/absolwenci/badania-losow-absolwentow,1,0,1,0.00244499,0.00000000,0.00000000,0.00230436,1,401,True
https://prz.edu.pl/cas/login/front?redirect=/doktoranci-prz/doktorat-wdrozeniowy,1,0,1,0.00244499,0.00000000,0.00000000,0.00230436,1,401,True
https://prz.edu.pl/cas/login/front?redirect=/doktoranci-prz/komunikaty/swiadczenia-dla-doktorantow,1,0,1,0.00244499,0.00000000,0.00000000,0.00230436,1,401,True
https://prz.edu.pl/cas/login/front?redirect=/studenci_menu/organizacje-studenckie,1,0,1,0.00244499,0.00000000,0.00000000,0.00230436,1,401,True
https://prz.edu.pl/cas/login/front?redirect=/studenci_menu/studenckie-abc,1,0,1,0.00244499,0.00000000,0.00000000,0.00230436,1,401,True
https://prz.edu.pl/doktoranci-prz/komunikaty/wyszukiwarka,1,0,1,0.00244499,0.00000000,0.00000000,0.00230436,1,401,True
"https://prz.edu.pl/download/MpOHgoGC1bQ1UYYRZdbW5TLX06KhAfMzs2MRk-b3U6IxY,AqNW4mHicmD3UKaiELLCAuYisyL1cYOC4xKxwhdT8oJFJrP3pUZSZOKA/studenckieabc.pdf",1,0,1,0.00244499,0.00000000,0.00000000,0.00230436,1,401,True
https://prz.edu.pl/fcp/YGBUKOQtTKlQhbx08SlkTUhZeUTgtCgg9ACFDC0RGSnxBG1gnBVcoFW8SBDRKHg/1/code_TCUQPLwtVD0cnSlo9DBYfE1g/zarzadzenie_nr_28_rektora_prz_z_25_04_2023_w_spr_wprow_regul_uczeln_organ_stud_i_doktor_oraz_stow_w_prz.pdf,1,0,1,0.00244499,0.00000000,0.00000000,0.00230436,1,401,True
https://prz.edu.pl/cas/login/front?redirect=/uczelnia,1,0,1,0.00244499,0.00000000,0.00000000,0.00230419,1,401,True
"https://prz.edu.pl/thumb/5lCzFTfmJTSRgiA11m,1/pl/description/3/1/1/0,v.jpg",1,0,1,0.00244499,0.00000000,0.00000000,0.00230419,1,401,True
"https://prz.edu.pl/thumb/EzbVc1GAQ1L2REZTsA,1/pl/description/3/1/1/0,l.jpg",1,0,1,0.00244499,0.00000000,0.00000000,0.00230419,1,401,True
"https://prz.edu.pl/thumb/IyYlg6Fws6IDdUXzELIjZtPW0jbRIMOg,1/pl/description/3/1/1/0,01_uczelnia.jpg",1,0,1,0.00244499,0.00000000,0.00000000,0.00230419,1,401,True
"https://prz.edu.pl/thumb/nbXmQGKzcGHEt3Vggz,1/pl/description/3/1/1/0,p.jpg",1,0,1,0.00244499,0.00000000,0.00000000,0.00230419,1,401,True
https://prz.edu.pl/cas/login/front?redirect=/media/patronat-jm-rektora-politechniki-rzeszowskiej,1,0,1,0.00244499,0.00000000,0.00000000,0.00230352,1,401,True
"https://prz.edu.pl/download/5FdjZmVmMVDRtWL1gYKiQdZylob0hadUF-RVlwKHBnYFtPM3BcdjhGIUgqZnRrcTZiKG9hT1pzQWN_XWYtZ2VWTmI-J1x4KUQ,7eVwxEfEVEbRdoCENpTkJMAElQTTV4VlNVFCQCVxsUBy4e/wniosek_o_objecie_wydarzenia_patronatem_rektora_prz.docx",1,0,1,0.00244499,0.00000000,0.00000000,0.00230352,1,401,True
"https://prz.edu.pl/download/9LcDBgUGUTCx1QKV4eLCIbZCRgc1FYdXF5Q192IXlvYE93LGZfTjxbNlIqb0xpcylJM2JtSVZqeUhsQm4bfHBoWXgrdVFmLVQ7Qy1eWmRyJWQ7YmgTSXx-,lsGkEJMQgJIFolRQ4kAw8BTQQdAHg1Gx4YWWlPGlZZSmNT/regulamin_obejmowania_patronatem_rektora_prz_organizowanych_wydarzen.pdf",1,0,1,0.00244499,0.00000000,0.00000000,0.00230352,1,401,True
"https://prz.edu.pl/download/UxKGg4CD1LU0UIcQZGdHpDNHgtJAQFOiUhLQ0Tbi4xIw88ewgWO249bSduKQckOXUrRjA8AAstLzglBiV9FCo2FDx1OQc9cQ9FF28-FCsnZiFuPjAcAigfOD0MLW4xPzlOPn4x,AHDFcfJx4fNkwzUxgyFRkXWxILFm4jDQgOT39ZDEBPXHVF/zarzadzenie_rektora_prz_w_sprawie_obejmowania_patronatem_organizowanych_wydarzen.pdf",1,0,1,0.00244499,0.00000000,0.00000000,0.00230352,1,401,True
https://prz.edu.pl/absolwenci/studia-podyplomowe/regulamin-studiow-podyplomowych,1,0,1,0.00244499,0.00000000,0.00000000,0.00230339,1,401,True
https://prz.edu.pl/absolwenci/studia-podyplomowe/system-internetowej-rekrutacji-studia-podyplomowe,1,0,1,0.00244499,0.00000000,0.00000000,0.00230339,1,401,True
https://prz.edu.pl/absolwenci/studia-podyplomowe/wydzial-budownictwa--inzynierii-srodowiska-i-architektury,1,0,1,0.00244499,0.00000000,0.00000000,0.00230339,1,401,True
https://prz.edu.pl/absolwenci/studia-podyplomowe/wydzial-budowy-maszyn-i-lotnictwa,1,0,1,0.00244499,0.00000000,0.00000000,0.00230339,1,401,True
https://prz.edu.pl/absolwenci/studia-podyplomowe/wydzial-chemiczny,1,0,1,0.00244499,0.00000000,0.00000000,0.00230339,1,401,True
https://prz.edu.pl/absolwenci/studia-podyplomowe/wydzial-elektrotechniki-i-informatyki,1,0,1,0.00244499,0.00000000,0.00000000,0.00230339,1,401,True
https://prz.edu.pl/absolwenci/studia-podyplomowe/wydzial-mechaniczno-technologiczny,1,0,1,0.00244499,0.00000000,0.00000000,0.00230339,1,401,True
https://prz.edu.pl/absolwenci/studia-podyplomowe/wydzial-zarzadzania,1,0,1,0.00244499,0.00000000,0.00000000,0.00230339,1,401,True
https://prz.edu.pl/cas/login/front?redirect=/absolwenci/studia-podyplomowe,1,0,1,0.00244499,0.00000000,0.00000000,0.00230339,1,401,True
https://prz.edu.pl/cas/login/front?redirect=/pracownicy,1,0,1,0.00244499,0.00000000,0.00000000,0.00230276,1,401,True
https://prz.edu.pl/pracownicy/centrum-doskonalosci-dydaktycznej,1,0,1,0.00244499,0.00000000,0.00000000,0.00230276,1,401,True
https://prz.edu.pl/pracownicy/dokumenty,1,0,1,0.00244499,0.00000000,0.00000000,0.00230276,1,401,True
https://prz.edu.pl/pracownicy/sprawy-pracownicze,1,0,1,0.00244499,0.00000000,0.00000000,0.00230276,1,401,True
https://prz.edu.pl/pracownicy/struktura-zatrudnienia-na-politechnice-rzeszowskiej,1,0,1,0.00244499,0.00000000,0.00000000,0.00230276,1,401,True
https://prz.edu.pl/pracownicy/system-portalowy-prz,1,0,1,0.00244499,0.00000000,0.00000000,0.00230276,1,401,True
https://prz.edu.pl/pracownicy/systemy-uslugi-informatyczne,1,0,1,0.00244499,0.00000000,0.00000000,0.00230276,1,401,True
https://prz.edu.pl/pracownicy/wizytowki-www-pracownikow,1,0,1,0.00244499,0.00000000,0.00000000,0.00230276,1,401,True
https://prz.edu.pl/pracownicy/zamowienia-publiczne,1,0,1,0.00244499,0.00000000,0.00000000,0.00230276,1,401,True
https://prz.edu.pl/cas/login/front?redirect=/uczelnia/aktualnosci,1,0,1,0.00244499,0.00000000,0.00000000,0.00230196,1,401,True
"https://prz.edu.pl/cas/login/front?redirect=/uczelnia/aktualnosci/filtr,wydarzenia,7.html",1,0,1,0.00244499,0.00000000,0.00000000,0.00230196,1,401,True
"https://prz.edu.pl/uczelnia/aktualnosci/filtr,wydarzenia,7,page10.html",1,0,1,0.00244499,0.00000000,0.00000000,0.00230196,1,401,True
"https://prz.edu.pl/uczelnia/aktualnosci/filtr,wydarzenia,7,page2.html",1,0,1,0.00244499,0.00000000,0.00000000,0.00230196,1,401,True
"https://prz.edu.pl/uczelnia/aktualnosci/filtr,wydarzenia,7,page3.html",1,0,1,0.00244499,0.00000000,0.00000000,0.00230196,1,401,True
"https://prz.edu.pl/uczelnia/aktualnosci/filtr,wydarzenia,7,page4.html",1,0,1,0.00244499,0.00000000,0.00000000,0.00230196,1,401,True
"https://prz.edu.pl/uczelnia/aktualnosci/filtr,wydarzenia,7,page5.html",1,0,1,0.00244499,0.00000000,0.00000000,0.00230196,1,401,True
"https://prz.edu.pl/uczelnia/aktualnosci/filtr,wydarzenia,7,page6.html",1,0,1,0.00244499,0.00000000,0.00000000,0.00230196,1,401,True
"https://prz.edu.pl/uczelnia/aktualnosci/filtr,wydarzenia,7,page7.html",1,0,1,0.00244499,0.00000000,0.00000000,0.00230196,1,401,True
"https://prz.edu.pl/uczelnia/aktualnosci/filtr,wydarzenia,7,page8.html",1,0,1,0.00244499,0.00000000,0.00000000,0.00230196,1,401,True
"https://prz.edu.pl/uczelnia/aktualnosci/filtr,wydarzenia,7,page9.html",1,0,1,0.00244499,0.00000000,0.00000000,0.00230196,1,401,True
https://prz.edu.pl/uczelnia/aktualnosci/page10.html,1,0,1,0.00244499,0.00000000,0.00000000,0.00230196,1,401,True
https://prz.edu.pl/uczelnia/aktualnosci/page2.html,1,0,1,0.00244499,0.00000000,0.00000000,0.00230196,1,401,True
https://prz.edu.pl/uczelnia/aktualnosci/page3.html,1,0,1,0.00244499,0.00000000,0.00000000,0.00230196,1,401,True
https://prz.edu.pl/uczelnia/aktualnosci/page4.html,1,0,1,0.00244499,0.00000000,0.00000000,0.00230196,1,401,True
https://prz.edu.pl/uczelnia/aktualnosci/page5.html,1,0,1,0.00244499,0.00000000,0.00000000,0.00230196,1,401,True
https://prz.edu.pl/uczelnia/aktualnosci/page6.html,1,0,1,0.00244499,0.00000000,0.00000000,0.00230196,1,401,True
https://prz.edu.pl/uczelnia/aktualnosci/page7.html,1,0,1,0.00244499,0.00000000,0.00000000,0.00230196,1,401,True
https://prz.edu.pl/uczelnia/aktualnosci/page8.html,1,0,1,0.00244499,0.00000000,0.00000000,0.00230196,1,401,True
https://prz.edu.pl/uczelnia/aktualnosci/page9.html,1,0,1,0.00244499,0.00000000,0.00000000,0.00230196,1,401,True
https://prz.edu.pl/uczelnia/aktualnosci/wizyta-studentow-elektroniki-i-telekomunikacji-w-urzedzie-komunikacji-elektronicznej-2969.html,1,0,1,0.00244499,0.00000000,0.00000000,0.00230196,1,401,True
https://prz.edu.pl/uczelnia/wyszukiwarka,1,0,1,0.00244499,0.00000000,0.00000000,0.00230196,1,401,True
https://prz.edu.pl/cas/login/front?redirect=/studenci_menu/kalendarz-rok-akademicki,1,0,1,0.00244499,0.00000000,0.00000000,0.00230170,1,401,True
https://prz.edu.pl/fcp/sGBUKOQtTKlQhbx08SlkTUhZeUTgtCgg9ACFDC0RFS3hBG1gnBVcoFW8SBDRKHg/1/code_qAlUTKghWKFs6RwczCSNBEU5cFiw5Qx0O/harmonogram_org_roku.pdf,1,0,1,0.00244499,0.00000000,0.00000000,0.00230170,1,401,True
https://prz.edu.pl/fcp/sGBUKOQtTKlQhbx08SlkTUhZeUTgtCgg9ACFDC0RFS3hBG1gnBVcoFW8SBDRKHg/1/code_qAlUTKghWKFs6RwczCSNBEU5cFiw5Qx0O/hmg_2018_2019_lato.pdf,1,0,1,0.00244499,0.00000000,0.00000000,0.00230170,1,401,True
https://prz.edu.pl/fcp/sGBUKOQtTKlQhbx08SlkTUhZeUTgtCgg9ACFDC0RFS3hBG1gnBVcoFW8SBDRKHg/1/code_qAlUTKghWKFs6RwczCSNBEU5cFiw5Qx0O/hmg_2018_2019_zima.pdf,1,0,1,0.00244499,0.00000000,0.00000000,0.00230170,1,401,True
https://prz.edu.pl/fcp/sGBUKOQtTKlQhbx08SlkTUhZeUTgtCgg9ACFDC0RFS3hBG1gnBVcoFW8SBDRKHg/1/code_qAlUTKghWKFs6RwczCSNBEU5cFiw5Qx0O/hmg_2019_2020_letni.pdf,1,0,1,0.00244499,0.00000000,0.00000000,0.00230170,1,401,True
https://prz.edu.pl/fcp/sGBUKOQtTKlQhbx08SlkTUhZeUTgtCgg9ACFDC0RFS3hBG1gnBVcoFW8SBDRKHg/1/code_qAlUTKghWKFs6RwczCSNBEU5cFiw5Qx0O/hmg_2019_2020_zimowy.pdf,1,0,1,0.00244499,0.00000000,0.00000000,0.00230170,1,401,True
https://prz.edu.pl/fcp/sGBUKOQtTKlQhbx08SlkTUhZeUTgtCgg9ACFDC0RFS3hBG1gnBVcoFW8SBDRKHg/1/code_qAlUTKghWKFs6RwczCSNBEU5cFiw5Qx0O/hmg_2020_2021_aktualny2pglato.pdf,1,0,1,0.00244499,0.00000000,0.00000000,0.00230170,1,401,True
https://prz.edu.pl/fcp/sGBUKOQtTKlQhbx08SlkTUhZeUTgtCgg9ACFDC0RFS3hBG1gnBVcoFW8SBDRKHg/1/code_qAlUTKghWKFs6RwczCSNBEU5cFiw5Qx0O/hmg_2020_2021_aktualny_zimowy.pdf,1,0,1,0.00244499,0.00000000,0.00000000,0.00230170,1,401,True
https://prz.edu.pl/fcp/sGBUKOQtTKlQhbx08SlkTUhZeUTgtCgg9ACFDC0RFS3hBG1gnBVcoFW8SBDRKHg/1/code_qAlUTKghWKFs6RwczCSNBEU5cFiw5Qx0O/hmg_2022_2023_zima.pdf,1,0,1,0.00244499,0.00000000,0.00000000,0.00230170,1,401,True
https://prz.edu.pl/fcp/sGBUKOQtTKlQhbx08SlkTUhZeUTgtCgg9ACFDC0RFS3hBG1gnBVcoFW8SBDRKHg/1/code_qAlUTKghWKFs6RwczCSNBEU5cFiw5Qx0O/organizacja_roku_2019_2020.pdf,1,0,1,0.00244499,0.00000000,0.00000000,0.00230170,1,401,True
https://prz.edu.pl/fcp/sGBUKOQtTKlQhbx08SlkTUhZeUTgtCgg9ACFDC0RFS3hBG1gnBVcoFW8SBDRKHg/1/code_qAlUTKghWKFs6RwczCSNBEU5cFiw5Qx0O/semertr_letni_2017-2018.pdf,1,0,1,0.00244499,0.00000000,0.00000000,0.00230170,1,401,True
https://prz.edu.pl/fcp/sGBUKOQtTKlQhbx08SlkTUhZeUTgtCgg9ACFDC0RFS3hBG1gnBVcoFW8SBDRKHg/1/code_qAlUTKghWKFs6RwczCSNBEU5cFiw5Qx0O/semestr_zimowy_2017_-2018.pdf,1,0,1,0.00244499,0.00000000,0.00000000,0.00230170,1,401,True
https://prz.edu.pl/fcp/sGBUKOQtTKlQhbx08SlkTUhZeUTgtCgg9ACFDC0RFS3hBG1gnBVcoFW8SBDRKHg/1/code_qAlUTKghWKFs6RwczCSNBEU5cFiw5Qx0O/zarzadzenie_harmonogram.pdf,1,0,1,0.00244499,0.00000000,0.00000000,0.00230170,1,401,True
https://prz.edu.pl/fcp/sGBUKOQtTKlQhbx08SlkTUhZeUTgtCgg9ACFDC0RFS3hBG1gnBVcoFW8SBDRKHg/1/code_qAlUTKghWKFs6RwczCSNBEU5cFiw5Qx0O/zarzadzenie_nr_20_rektora_prz_z_11_05_17_w_spr_szczeg_organ_rak_2017_2018_dla_studentow__pdf-1-1.pdf,1,0,1,0.00244499,0.00000000,0.00000000,0.00230170,1,401,True
https://prz.edu.pl/fcp/sGBUKOQtTKlQhbx08SlkTUhZeUTgtCgg9ACFDC0RFS3hBG1gnBVcoFW8SBDRKHg/1/code_qAlUTKghWKFs6RwczCSNBEU5cFiw5Qx0O/zarzadzenie_nr_43-2022.pdf,1,0,1,0.00244499,0.00000000,0.00000000,0.00230170,1,401,True
https://prz.edu.pl/fcp/sGBUKOQtTKlQhbx08SlkTUhZeUTgtCgg9ACFDC0RFS3hBG1gnBVcoFW8SBDRKHg/1/code_qAlUTKghWKFs6RwczCSNBEU5cFiw5Qx0O/zarzadzenie_nr_9_rektora_prz_z_14_02_2023_w_spr_sprost_omylki_pisarskiej_zal_do_zarz_43_2022_z_dn_11_05_2022.pdf,1,0,1,0.00244499,0.00000000,0.00000000,0.00230170,1,401,True
https://prz.edu.pl/fcp/sGBUKOQtTKlQhbx08SlkTUhZeUTgtCgg9ACFDC0RFS3hBG1gnBVcoFW8SBDRKHg/1/public/studenci/kalendarz_ak/harmonogram_2021_22_sem_letni.pdf,1,0,1,0.00244499,0.00000000,0.00000000,0.00230170,1,401,True
https://prz.edu.pl/fcp/sGBUKOQtTKlQhbx08SlkTUhZeUTgtCgg9ACFDC0RFS3hBG1gnBVcoFW8SBDRKHg/1/public/studenci/kalendarz_ak/harmonogram_2021_22_sem_zimowy.pdf,1,0,1,0.00244499,0.00000000,0.00000000,0.00230170,1,401,True
https://prz.edu.pl/fcp/sGBUKOQtTKlQhbx08SlkTUhZeUTgtCgg9ACFDC0RFS3hBG1gnBVcoFW8SBDRKHg/1/public/studenci/kalendarz_ak/harmonogram_2024_2025_sem_letni.pdf,1,0,1,0.00244499,0.00000000,0.00000000,0.00230170,1,401,True
https://prz.edu.pl/fcp/sGBUKOQtTKlQhbx08SlkTUhZeUTgtCgg9ACFDC0RFS3hBG1gnBVcoFW8SBDRKHg/1/public/studenci/kalendarz_ak/harmonogram_2024_2025_sem_zimowy.pdf,1,0,1,0.00244499,0.00000000,0.00000000,0.00230170,1,401,True
https://prz.edu.pl/fcp/sGBUKOQtTKlQhbx08SlkTUhZeUTgtCgg9ACFDC0RFS3hBG1gnBVcoFW8SBDRKHg/1/public/studenci/kalendarz_ak/harmonogram_2025_2026_sem_letni.pdf,1,0,1,0.00244499,0.00000000,0.00000000,0.00230170,1,401,True
https://prz.edu.pl/fcp/sGBUKOQtTKlQhbx08SlkTUhZeUTgtCgg9ACFDC0RFS3hBG1gnBVcoFW8SBDRKHg/1/public/studenci/kalendarz_ak/harmonogram_2025_2026_sem_zimowy.pdf,1,0,1,0.00244499,0.00000000,0.00000000,0.00230170,1,401,True
https://prz.edu.pl/fcp/sGBUKOQtTKlQhbx08SlkTUhZeUTgtCgg9ACFDC0RFS3hBG1gnBVcoFW8SBDRKHg/1/public/studenci/kalendarz_ak/hmg_2022_2023_lato.pdf,1,0,1,0.00244499,0.00000000,0.00000000,0.00230170,1,401,True
https://prz.edu.pl/fcp/sGBUKOQtTKlQhbx08SlkTUhZeUTgtCgg9ACFDC0RFS3hBG1gnBVcoFW8SBDRKHg/1/public/studenci/kalendarz_ak/hmg_2023_2024_lato.pdf,1,0,1,0.00244499,0.00000000,0.00000000,0.00230170,1,401,True
https://prz.edu.pl/fcp/sGBUKOQtTKlQhbx08SlkTUhZeUTgtCgg9ACFDC0RFS3hBG1gnBVcoFW8SBDRKHg/1/public/studenci/kalendarz_ak/hmg_2023_2024_zima.pdf,1,0,1,0.00244499,0.00000000,0.00000000,0.00230170,1,401,True
https://prz.edu.pl/fcp/sGBUKOQtTKlQhbx08SlkTUhZeUTgtCgg9ACFDC0RFS3hBG1gnBVcoFW8SBDRKHg/1/public/studenci/kalendarz_ak/order_43_2025_of_26_05_2025_organization_academic_year_2025_2026.pdf,1,0,1,0.00244499,0.00000000,0.00000000,0.00230170,1,401,True
https://prz.edu.pl/fcp/sGBUKOQtTKlQhbx08SlkTUhZeUTgtCgg9ACFDC0RFS3hBG1gnBVcoFW8SBDRKHg/1/public/studenci/kalendarz_ak/zarz_35_2024_z_13_05_2024_w_spr_organ_roku_akad_2024_2025.pdf,1,0,1,0.00244499,0.00000000,0.00000000,0.00230170,1,401,True
https://prz.edu.pl/fcp/sGBUKOQtTKlQhbx08SlkTUhZeUTgtCgg9ACFDC0RFS3hBG1gnBVcoFW8SBDRKHg/1/public/studenci/kalendarz_ak/zarz_43_2025_z_26_05_2025_w_spr_organ_roku_akad_2025_2026.pdf,1,0,1,0.00244499,0.00000000,0.00000000,0.00230170,1,401,True
https://prz.edu.pl/fcp/sGBUKOQtTKlQhbx08SlkTUhZeUTgtCgg9ACFDC0RFS3hBG1gnBVcoFW8SBDRKHg/1/public/studenci/kalendarz_ak/zarz_44_2023_z_31_05_2023_w_spr_organ_roku_akad_2023_2024_dla_stud_oraz_doktor_prz.pdf,1,0,1,0.00244499,0.00000000,0.00000000,0.00230170,1,401,True
https://prz.edu.pl/fcp/sGBUKOQtTKlQhbx08SlkTUhZeUTgtCgg9ACFDC0RFS3hBG1gnBVcoFW8SBDRKHg/1/public/studenci/kalendarz_ak/zarz_53_2021_z_14_05_2021_w_spr_szczeg_org_roku_akad_2021_2022.pdf,1,0,1,0.00244499,0.00000000,0.00000000,0.00230170,1,401,True
https://prz.edu.pl/fcp/sGBUKOQtTKlQhbx08SlkTUhZeUTgtCgg9ACFDC0RFS3hBG1gnBVcoFW8SBDRKHg/1/public/studenci/kalendarz_ak/zarz_68_2023_z_15_09_2023_w_spr_organ_roku_akad_2023_2024_dla_stud_weii.pdf,1,0,1,0.00244499,0.00000000,0.00000000,0.00230170,1,401,True
https://prz.edu.pl/cas/login/front?redirect=/media,1,0,1,0.00244499,0.00000000,0.00000000,0.00230135,1,401,True
https://prz.edu.pl/cas/login/front?redirect=/uczelnia/aktualnosci/sukces-studentow-kola-naukowego-machine-learninga-2978.html,1,0,1,0.00244499,0.00000000,0.00000000,0.00230134,1,401,True
"https://prz.edu.pl/thumb/tYf0UnChYgPXcZfjEcKytwK3gtMAwPJ24_Kg8,1/pl/news/4/2978/1/LDVQNIxwIeQdlSEVqWFM,machinelearning.png",1,0,1,0.00244499,0.00000000,0.00000000,0.00230134,1,401,True
https://prz.edu.pl/cas/login/front?redirect=/doktoranci-prz/komunikaty,1,0,1,0.00244499,0.00000000,0.00000000,0.00230123,1,401,True
https://prz.edu.pl/doktoranci-prz/komunikaty/doktoranci-niepelnosprawni,1,0,1,0.00244499,0.00000000,0.00000000,0.00230123,1,401,True
https://prz.edu.pl/doktoranci-prz/komunikaty/domy-studenckie,1,0,1,0.00244499,0.00000000,0.00000000,0.00230123,1,401,True
https://prz.edu.pl/cas/login/front?redirect=/pracownicy/ogloszenia-pracownicze,1,0,1,0.00244499,0.00000000,0.00000000,0.00230122,1,401,True
https://prz.edu.pl/pracownicy/ogloszenia-pracownicze/komunikaty-helpdesk,1,0,1,0.00244499,0.00000000,0.00000000,0.00230122,1,401,True
https://prz.edu.pl/badania-i-nauka/granty-naukowe-miedzynarodowe,1,0,1,0.00244499,0.00000000,0.00000000,0.00230109,1,401,True
https://prz.edu.pl/badania-i-nauka/oddzial-informacji-naukowej,1,0,1,0.00244499,0.00000000,0.00000000,0.00230109,1,401,True
https://prz.edu.pl/cas/login/front?redirect=/badania-i-nauka,1,0,1,0.00244499,0.00000000,0.00000000,0.00230109,1,401,True
https://prz.edu.pl/cas/login/front?redirect=/media/do-pobrania,1,0,1,0.00244499,0.00000000,0.00000000,0.00230107,1,401,True
https://prz.edu.pl/cas/login/front?redirect=/studenci_menu/swiadczenia-dla-studentow,1,0,1,0.00244499,0.00000000,0.00000000,0.00230095,1,401,True
https://prz.edu.pl/studenci_menu/swiadczenia-dla-studentow/regulamin-swiadczen-dla-studentow-politechniki-rzeszowskiej,1,0,1,0.00244499,0.00000000,0.00000000,0.00230095,1,401,True
https://prz.edu.pl/studenci_menu/swiadczenia-dla-studentow/stypendium-socjalne--stypendium-dla-osob-niepelnosprawnych-i-zapomoga,1,0,1,0.00244499,0.00000000,0.00000000,0.00230095,1,401,True
https://prz.edu.pl/studenci_menu/swiadczenia-dla-studentow/zapomoga-dla-studentow-obywateli-ukrainy,1,0,1,0.00244499,0.00000000,0.00000000,0.00230095,1,401,True
https://prz.edu.pl/cas/login/front?redirect=/uczelnia/aktualnosci/klub-biegacza-podsumowanie-sezonu-2977.html,1,0,1,0.00244499,0.00000000,0.00000000,0.00229762,1,401,True
"https://prz.edu.pl/thumb/15VmwOIz8JFFV8BUltQg1FAA,1/pl/news/4/2977/1/LDVQNIxwIeQdlSEVqWFM,f-191.jpg",1,0,1,0.00244499,0.00000000,0.00000000,0.00229762,1,401,True
"https://prz.edu.pl/thumb/1DJx1_Uk54ZSVMKmZCamUvdx5jf15ReUd9Q0JuMXBra1R5bGVOdg,1/pl/news/4/2977/1/LDVQNIxwIeQdlSEVqWFM,glogowska_dycha_j_rzucidlo.jpg",1,0,1,0.00244499,0.00000000,0.00000000,0.00229762,1,401,True
"https://prz.edu.pl/thumb/1SMApoRVlvcidCPGRAODAMLGcnKB8AZX9n,1/pl/news/4/2977/1/LDVQNIxwIeQdlSEVqWFM,runrz21_-1795.jpg",1,0,1,0.00244499,0.00000000,0.00000000,0.00229762,1,401,True
"https://prz.edu.pl/thumb/1vFS9NYHxKVxt9G2xsREUEVBZBX25UR3VSS2VKF1NDVmN7CmJiQg1yCX8ebGtdSxBBElhdIWFaTQ,1/pl/news/4/2977/1/LDVQNIxwIeQdlSEVqWFM,kol_skarpetka_m_weglarski_z_naszymi_trofeami.jpg",1,0,1,0.00244499,0.00000000,0.00000000,0.00229762,1,401,True
"https://prz.edu.pl/thumb/57UGoIJTkPElN6A0VuRAtDBg,1/pl/news/4/2977/1/LDVQNIxwIeQdlSEVqWFM,f-134.jpg",1,0,1,0.00244499,0.00000000,0.00000000,0.00229762,1,401,True
"https://prz.edu.pl/thumb/5eAjhad2tdQBVwDlZyCgI-HlAXEjZ2TVo,1/pl/news/4/2977/1/LDVQNIxwIeQdlSEVqWFM,runrz21_-451.jpg",1,0,1,0.00244499,0.00000000,0.00000000,0.00229762,1,401,True
"https://prz.edu.pl/thumb/7XPQdlSFRifyhIPm9DWD1pNG0zdldE,1/pl/news/4/2977/1/LDVQNIxwIeQdlSEVqWFM,pratt_1786.jpg",1,0,1,0.00244499,0.00000000,0.00000000,0.00229762,1,401,True
"https://prz.edu.pl/thumb/90W2EDLjIEGVkwVho-FhlTC2IfAyItBTsZPyYJUxocHDMZVRodBG8sYS5DCDIIDlQFExEKJg,1/pl/news/4/2977/1/LDVQNIxwIeQdlSEVqWFM,glogowska_dycha_r_jakubowski_i_j_rzucidlo.jpg",1,0,1,0.00244499,0.00000000,0.00000000,0.00229762,1,401,True
"https://prz.edu.pl/thumb/9ROQNhTFBmezpRLzICMjl0Yi9-,1/pl/news/4/2977/1/LDVQNIxwIeQdlSEVqWFM,fot-111.jpg",1,0,1,0.00244499,0.00000000,0.00000000,0.00229762,1,401,True
"https://prz.edu.pl/thumb/9UPgRmS1dhfD0UbSoNKmUtaA,1/pl/news/4/2977/1/LDVQNIxwIeQdlSEVqWFM,f-129.jpg",1,0,1,0.00244499,0.00000000,0.00000000,0.00229762,1,401,True
"https://prz.edu.pl/thumb/9XMwlrRlpscTAZYCwPJ2ggZQ,1/pl/news/4/2977/1/LDVQNIxwIeQdlSEVqWFM,f-196.jpg",1,0,1,0.00244499,0.00000000,0.00000000,0.00229762,1,401,True
"https://prz.edu.pl/thumb/A0Ixl7Vkp8YSAJczUcN3gwdQ,1/pl/news/4/2977/1/LDVQNIxwIeQdlSEVqWFM,f-205.jpg",1,0,1,0.00244499,0.00000000,0.00000000,0.00229762,1,401,True
"https://prz.edu.pl/thumb/A5Jhx-U095ZCUMczICdmci,1/pl/news/4/2977/1/LDVQNIxwIeQdlSEVqWFM,f-72.jpg",1,0,1,0.00244499,0.00000000,0.00000000,0.00229762,1,401,True
"https://prz.edu.pl/thumb/AccEooBRkvMncedzElKC5hJmExIwQLPRAtFBAmdCg0KhwqfAcbGXEMfgJwOQ05Knoeew88BRo2JCFlDTN0,1/pl/news/4/2977/1/LDVQNIxwIeQdlSEVqWFM,bieg_borgwarner_m_weglarski_r_jakubowski_m_motyka.jpg",1,0,1,0.00244499,0.00000000,0.00000000,0.00229762,1,401,True
"https://prz.edu.pl/thumb/CQQHoYNSkfAkNqFVBkEAFE,1/pl/news/4/2977/1/LDVQNIxwIeQdlSEVqWFM,f-76.jpg",1,0,1,0.00244499,0.00000000,0.00000000,0.00229762,1,401,True
"https://prz.edu.pl/thumb/CtZV89EAw6J2MYZjEBNjFlP2IaNBYaLjE0AR8JcTQnIRsmcyYVfWQIZw,1/pl/news/4/2977/1/LDVQNIxwIeQdlSEVqWFM,czarniecka_piatka_m_weglarski.jpg",1,0,1,0.00244499,0.00000000,0.00000000,0.00229762,1,401,True
"https://prz.edu.pl/thumb/EneUMhDBAmO3pTKm5LbSJqLw,1/pl/news/4/2977/1/LDVQNIxwIeQdlSEVqWFM,f-118.jpg",1,0,1,0.00244499,0.00000000,0.00000000,0.00229762,1,401,True
"https://prz.edu.pl/thumb/GHXWcFKDQCH0ovUQktVV1hQQpLRHFtCBIK,1/pl/news/4/2977/1/LDVQNIxwIeQdlSEVqWFM,runrz21_-1686.jpg",1,0,1,0.00244499,0.00000000,0.00000000,0.00229762,1,401,True
"https://prz.edu.pl/thumb/GuYFo4FQk_InUIbisLKDB3PmgfMwAbLCU_LAQ4agsvFw0rcCsQMmcSWlRdKwM_O3AyY24rChk,1/pl/news/4/2977/1/LDVQNIxwIeQdlSEVqWFM,polmaraton_rzeszowski_j_rzucidlo_3_miejsce.jpg",1,0,1,0.00244499,0.00000000,0.00000000,0.00229762,1,401,True
"https://prz.edu.pl/thumb/IaekAiDxMlOHESezIJHzxrJH82Ohc7NSomLAw7eDowPDo5QDgCJ2QFcAprNxluIWks,1/pl/news/4/2977/1/LDVQNIxwIeQdlSEVqWFM,nocny_wroclaw_polmaraton_r_jakubowski.jpg",1,0,1,0.00244499,0.00000000,0.00000000,0.00229762,1,401,True
"https://prz.edu.pl/thumb/IgfEYkCRUjPn9WJ29OaCdvKg,1/pl/news/4/2977/1/LDVQNIxwIeQdlSEVqWFM,f-958.jpg",1,0,1,0.00244499,0.00000000,0.00000000,0.00229762,1,401,True
"https://prz.edu.pl/thumb/KXQXsZNCgeA0YzRwY7HgNYBHgMASk-ChEfJSQtSBQPHDwfUxozHnVvCixTAA,1/pl/news/4/2977/1/LDVQNIxwIeQdlSEVqWFM,budapeszt_maraton_r_jakubowski_3.jpg",1,0,1,0.00244499,0.00000000,0.00000000,0.00229762,1,401,True
"https://prz.edu.pl/thumb/OGWmACLzMFGFQyVCMjCwpLG1kOECEbCDodBCoFWBwMGSw0DC0uBVQtTD5dUjoQDA,1/pl/news/4/2977/1/LDVQNIxwIeQdlSEVqWFM,kol_skarpetka_m_weglarski_3_miejsce.jpg",1,0,1,0.00244499,0.00000000,0.00000000,0.00229762,1,401,True
"https://prz.edu.pl/thumb/OZR30fMi4YBURtHFNjFwZD,1/pl/news/4/2977/1/LDVQNIxwIeQdlSEVqWFM,f-92.jpg",1,0,1,0.00244499,0.00000000,0.00000000,0.00229762,1,401,True
"https://prz.edu.pl/thumb/SLTXcVOCQSD1w4QBsiGiNZFUcOFi4-LQAiHDsVWxsHEiEXQUs-C0E,1/pl/news/4/2977/1/LDVQNIxwIeQdlSEVqWFM,tropem_wilczym_r_jakubowski.jpg",1,0,1,0.00244499,0.00000000,0.00000000,0.00229762,1,401,True
"https://prz.edu.pl/thumb/SOTnQWOycRDFgkAVlyDEYAThBDHz8_XAERGTQcXxsfCT9SWRwyC188XDpHAWkSEFkQBV9YYGNIR01FYEkATEUMIRg,1/pl/news/4/2977/1/LDVQNIxwIeQdlSEVqWFM,sm-16x9-18-pko-polmaraton-rzeszowski-foto-1743963094-6.jpg",1,0,1,0.00244499,0.00000000,0.00000000,0.00229762,1,401,True
"https://prz.edu.pl/thumb/UVUWsJJDgOE0QkUgMvNFACVQ9fGjso,1/pl/news/4/2977/1/LDVQNIxwIeQdlSEVqWFM,pratt_0058.jpg",1,0,1,0.00244499,0.00000000,0.00000000,0.00229762,1,401,True
"https://prz.edu.pl/thumb/UuckgqBxstMGcHcSAMF3IhcCJ8ORgL,1/pl/news/4/2977/1/LDVQNIxwIeQdlSEVqWFM,pratt_1036.jpg",1,0,1,0.00244499,0.00000000,0.00000000,0.00229762,1,401,True
"https://prz.edu.pl/thumb/Xaa1EzHgI0KWhBO31QfzB4PQ,1/pl/news/4/2977/1/LDVQNIxwIeQdlSEVqWFM,f-201.jpg",1,0,1,0.00244499,0.00000000,0.00000000,0.00229762,1,401,True
"https://prz.edu.pl/thumb/Xuf0UnChYgPW4KcikQKBFrJ3U8JBwMHzIQLgknaSk1IBMlcwhUFnkLfxJuOhBrJGwp,1/pl/news/4/2977/1/LDVQNIxwIeQdlSEVqWFM,tropem_wilczym_r_jakubowski_2_miejsce.jpg",1,0,1,0.00244499,0.00000000,0.00000000,0.00229762,1,401,True
"https://prz.edu.pl/thumb/Z4PAZkSVVjfj8WbysGKGcvag,1/pl/news/4/2977/1/LDVQNIxwIeQdlSEVqWFM,f-110.jpg",1,0,1,0.00244499,0.00000000,0.00000000,0.00229762,1,401,True
"https://prz.edu.pl/thumb/Z7PwVnSlZgfThNOXhFYH0megZyf1dAdG9hW1pTNmpxYkJhLWRNYHpIKl8,1/pl/news/4/2977/1/LDVQNIxwIeQdlSEVqWFM,budapeszt_maraton_r_jakubowski.jpg",1,0,1,0.00244499,0.00000000,0.00000000,0.00229762,1,401,True
"https://prz.edu.pl/thumb/ZJQngaNysdAEEqVEl7TUsPGVQF,1/pl/news/4/2977/1/LDVQNIxwIeQdlSEVqWFM,fot-358.jpg",1,0,1,0.00244499,0.00000000,0.00000000,0.00229762,1,401,True
"https://prz.edu.pl/thumb/ZVXmQGKzcBHF10DUBmSgVNCA,1/pl/news/4/2977/1/LDVQNIxwIeQdlSEVqWFM,f-182.jpg",1,0,1,0.00244499,0.00000000,0.00000000,0.00229762,1,401,True
"https://prz.edu.pl/thumb/b9CTNRfGBWSwojWhwyHVIaXw,1/pl/news/4/2977/1/LDVQNIxwIeQdlSEVqWFM,f-131.jpg",1,0,1,0.00244499,0.00000000,0.00000000,0.00229762,1,401,True
"https://prz.edu.pl/thumb/bIeUMhDBAmO3cRdwAAKCloOHotMwI4MRk-KxohdTovOg9mdiEH,1/pl/news/4/2977/1/LDVQNIxwIeQdlSEVqWFM,kol_skarpetka_w_witkowski.jpg",1,0,1,0.00244499,0.00000000,0.00000000,0.00229762,1,401,True
"https://prz.edu.pl/thumb/bNfkQmCxchPHwVcz8bMzx2Lkc6JgcIIB4kGhs3aCkyMg0gRGc4JXwGaBp5dh40KA,1/pl/news/4/2977/1/LDVQNIxwIeQdlSEVqWFM,glogowska_dycha_j_rzucidlo_1_miesce.jpg",1,0,1,0.00244499,0.00000000,0.00000000,0.00229762,1,401,True
"https://prz.edu.pl/thumb/bsQ3kbNiocAUBpEFR4VxhQFQ,1/pl/news/4/2977/1/LDVQNIxwIeQdlSEVqWFM,f-111.jpg",1,0,1,0.00244499,0.00000000,0.00000000,0.00229762,1,401,True
"https://prz.edu.pl/thumb/bySXMRPCAWC1w8Shs3LEkaTRhHAiMw,1/pl/news/4/2977/1/LDVQNIxwIeQdlSEVqWFM,pratt_1057.jpg",1,0,1,0.00244499,0.00000000,0.00000000,0.00229762,1,401,True
"https://prz.edu.pl/thumb/f2Bjxec29ZRBF0ClJ2DgY6GlIeESk2U0lR,1/pl/news/4/2977/1/LDVQNIxwIeQdlSEVqWFM,runrz21_-2865.jpg",1,0,1,0.00244499,0.00000000,0.00000000,0.00229762,1,401,True
"https://prz.edu.pl/thumb/f6Ajhad2tdQBdwA0xpSmwTVg9WTGp9Yk1AQ0paDUNFdX9aAk16VxN-SW8QQw,1/pl/news/4/2977/1/LDVQNIxwIeQdlSEVqWFM,puchar_rektora_prz_klub_biegacza.jpg",1,0,1,0.00244499,0.00000000,0.00000000,0.00229762,1,401,True
"https://prz.edu.pl/thumb/fVYlg6Fws9IGwKbBsbMzJzI2E2KBkjMAIlPBI9YCQ0IRR9bToc,1/pl/news/4/2977/1/LDVQNIxwIeQdlSEVqWFM,kol_skarpetka_m_weglarski.jpg",1,0,1,0.00244499,0.00000000,0.00000000,0.00229762,1,401,True
"https://prz.edu.pl/thumb/fiXWcFKDQCH1ozWhwIFx5fGE8KFC43DAcUOT0xSQAMHi0bSx4tNFQfVTVLAjwGM1czViIRKDcbCQxIIB5Z,1/pl/news/4/2977/1/LDVQNIxwIeQdlSEVqWFM,bieg_prattwhitney_w_witkowski_b_motyka_i_m_motyka.jpg",1,0,1,0.00244499,0.00000000,0.00000000,0.00229762,1,401,True
"https://prz.edu.pl/thumb/fvQngaNysdAEFoFUoiCBQ,1/pl/news/4/2977/1/LDVQNIxwIeQdlSEVqWFM,f-5.jpg",1,0,1,0.00244499,0.00000000,0.00000000,0.00229762,1,401,True
"https://prz.edu.pl/thumb/hIc0krBhosMXQddDImOTBxNmEkOgAZIik6FwkffSgiIgcjSTk1KHcabx9wChAWL081cDQ-CB8_JypmDjB3,1/pl/news/4/2977/1/LDVQNIxwIeQdlSEVqWFM,bieg_prattwhitney_m_motyka_b_motyka_i_m_weglarski.jpg",1,0,1,0.00244499,0.00000000,0.00000000,0.00229762,1,401,True
"https://prz.edu.pl/thumb/hSaVMxHAA2K2EPeS4XPDZVL247OwkWISUyOyEoVTctKgM6YzYDNGsrPkBhPwQ,1/pl/news/4/2977/1/LDVQNIxwIeQdlSEVqWFM,maraton_warszawski_r_jakubowski_2.jpg",1,0,1,0.00244499,0.00000000,0.00000000,0.00229762,1,401,True
"https://prz.edu.pl/thumb/jjUmgKJzsNEEcnUQAsN1EAUAZcGTgr,1/pl/news/4/2977/1/LDVQNIxwIeQdlSEVqWFM,pratt_2132.jpg",1,0,1,0.00244499,0.00000000,0.00000000,0.00229762,1,401,True
"https://prz.edu.pl/thumb/jnVmwOIz8JFFV8Bl42HAA,1/pl/news/4/2977/1/LDVQNIxwIeQdlSEVqWFM,f-2.jpg",1,0,1,0.00244499,0.00000000,0.00000000,0.00229762,1,401,True
"https://prz.edu.pl/thumb/jqSXMRPCAWC0pjGlt6XRJaHw,1/pl/news/4/2977/1/LDVQNIxwIeQdlSEVqWFM,f-149.jpg",1,0,1,0.00244499,0.00000000,0.00000000,0.00229762,1,401,True
"https://prz.edu.pl/thumb/nKd00vAh4oNWIfeTwcPydgKX8IOwwbMikpIhkbfhwgJR0lezsCLkMDTQJKOxwmM3YpZiQ9BEciOCA,1/pl/news/4/2977/1/LDVQNIxwIeQdlSEVqWFM,polmaraton_marzanny_j_rzucidlo_i_r_jakubowski.jpg",1,0,1,0.00244499,0.00000000,0.00000000,0.00229762,1,401,True
"https://prz.edu.pl/thumb/nZZlw-Ew85JGEUYCEcOSR_I18rJg4ZLTY4AgMKbzMoOxs4dD0UOVJJLQt0Jw,1/pl/news/4/2977/1/LDVQNIxwIeQdlSEVqWFM,budapeszt_maraton_r_jakubowski_2.jpg",1,0,1,0.00244499,0.00000000,0.00000000,0.00229762,1,401,True
"https://prz.edu.pl/thumb/npTHYUOSUTDk9mH1h-WBdfGg,1/pl/news/4/2977/1/LDVQNIxwIeQdlSEVqWFM,f-128.jpg",1,0,1,0.00244499,0.00000000,0.00000000,0.00229762,1,401,True
"https://prz.edu.pl/thumb/pMb1U3GgYwLXgdYzsfZ29Tczt8ekJfOiA4,1/pl/news/4/2977/1/LDVQNIxwIeQdlSEVqWFM,runrz21_-2347.jpg",1,0,1,0.00244499,0.00000000,0.00000000,0.00229762,1,401,True
"https://prz.edu.pl/thumb/raQXsZNCgeA0YvRgAUGR9QF1AAEjU6DCEVHz0dUBQHAz8vSTY1GF4lTyd8VhQWGUcaVAIFBDYhDC4QNxlXFwseLRtNNmooRzVBLFAELlUaUhc,1/pl/news/4/2977/1/LDVQNIxwIeQdlSEVqWFM,bieg_borgwarner_dekoracja_m_motyka_1_miejsce_i_r_jakubowski_2_miejsce.jpg",1,0,1,0.00244499,0.00000000,0.00000000,0.00229762,1,401,True
"https://prz.edu.pl/thumb/rjSnASPyMVCFs_TQIpHhx2FU01CSU4AhQIED4RdgwwCDQQWgA8C1I8RhJBMyQvF0AYRAUFfj4FEg,1/pl/news/4/2977/1/LDVQNIxwIeQdlSEVqWFM,trening_na_bulwarach_r_jakubowski_i_d_lichon.jpg",1,0,1,0.00244499,0.00000000,0.00000000,0.00229762,1,401,True
"https://prz.edu.pl/thumb/tqV20PIj4IFVYjVkFrXFABSFsHEQ,1/pl/news/4/2977/1/LDVQNIxwIeQdlSEVqWFM,dsc06165.jpg",1,0,1,0.00244499,0.00000000,0.00000000,0.00229762,1,401,True
"https://prz.edu.pl/thumb/vIbVc1GAQyL25HPnJTeTZ-Ow,1/pl/news/4/2977/1/LDVQNIxwIeQdlSEVqWFM,f-194.jpg",1,0,1,0.00244499,0.00000000,0.00000000,0.00229762,1,401,True
"https://prz.edu.pl/thumb/vKb1U3GgYwLWxFPHpWezR8OQ,1/pl/news/4/2977/1/LDVQNIxwIeQdlSEVqWFM,f-133.jpg",1,0,1,0.00244499,0.00000000,0.00000000,0.00229762,1,401,True
"https://prz.edu.pl/thumb/vRdkwuAx8pNHgeeA8PJyZnN3UiPA03OxYsLAowdy0kLQIuTDMwN3gMfxBmIxclGHwYZwkgBRwiJjE-Ciw7KCM5,1/pl/news/4/2977/1/LDVQNIxwIeQdlSEVqWFM,kol_skarpetka_r_jakubowski_m_weglarski_i_w_witkowski.jpg",1,0,1,0.00244499,0.00000000,0.00000000,0.00229762,1,401,True
"https://prz.edu.pl/thumb/y1GiBCb3NFWA9yFFFxUkoNRBJlSXphVl9FVn5CEHFSbWhEC0toTS5uIHcnTmpVSBBPEFUVanRC,1/pl/news/4/2977/1/LDVQNIxwIeQdlSEVqWFM,polmaraton_rzeszowski_m_motyka_i_j_rzucidlo.jpg",1,0,1,0.00244499,0.00000000,0.00000000,0.00229762,1,401,True
"https://prz.edu.pl/thumb/yPe0EjDhIkOW4OeCkFHnsseCt1MBEC,1/pl/news/4/2977/1/LDVQNIxwIeQdlSEVqWFM,pratt_1426.jpg",1,0,1,0.00244499,0.00000000,0.00000000,0.00229762,1,401,True
https://prz.edu.pl/cas/login/front?redirect=/uczelnia/aktualnosci/ignis-polska-siega-gwiazd-2903.html,1,0,1,0.00244499,0.00000000,0.00000000,0.00229692,1,401,True
"https://prz.edu.pl/thumb/11UmgKJzsNEFssBRVuX1AETV4CFA,1/pl/news/4/2903/1/LDVQNIxwIeQdlSEVqWFM,ly5a6735.jpg",1,0,1,0.00244499,0.00000000,0.00000000,0.00229692,1,401,True
"https://prz.edu.pl/thumb/1QMghqR1ttcDtMZXUOMTppLT5idA,1/pl/news/4/2903/1/LDVQNIxwIeQdlSEVqWFM,ly5a6998.jpg",1,0,1,0.00244499,0.00000000,0.00000000,0.00229692,1,401,True
"https://prz.edu.pl/thumb/1SMApoRVlvcjFEMUkLPTRmXjdjThgeOzcuYVdk,1/pl/news/4/2903/1/LDVQNIxwIeQdlSEVqWFM,dsc_1755_as_2048.jpg",1,0,1,0.00244499,0.00000000,0.00000000,0.00229692,1,401,True
"https://prz.edu.pl/thumb/1nDTdVeGRSTwRzWkoxAwpaEgFdSw,1/pl/news/4/2903/1/LDVQNIxwIeQdlSEVqWFM,ly5a6464.jpg",1,0,1,0.00244499,0.00000000,0.00000000,0.00229692,1,401,True
"https://prz.edu.pl/thumb/3sEihKZ3tNUBtsRVUuEBFIDR5CVA,1/pl/news/4/2903/1/LDVQNIxwIeQdlSEVqWFM,ly5a6829.jpg",1,0,1,0.00244499,0.00000000,0.00000000,0.00229692,1,401,True
"https://prz.edu.pl/thumb/5EIhh6V0t9YCtcdWUfKiJyPS5yZA,1/pl/news/4/2903/1/LDVQNIxwIeQdlSEVqWFM,ly5a7213.jpg",1,0,1,0.00244499,0.00000000,0.00000000,0.00229692,1,401,True
"https://prz.edu.pl/thumb/5EIhh6V0t9YDRJIXNHa2keYzZ4XExdb3Z9bkZ6KEkyORN5N20,1/pl/news/4/2903/1/LDVQNIxwIeQdlSEVqWFM,slawosz_prz_tarkowski_53.jpg",1,0,1,0.00244499,0.00000000,0.00000000,0.00229692,1,401,True
"https://prz.edu.pl/thumb/5MKhByX0N1aDxBKXtPY2EWaz5wVERVZ351Zk5yIEE9NxtxP2U,1/pl/news/4/2903/1/LDVQNIxwIeQdlSEVqWFM,slawosz_prz_tarkowski_25.jpg",1,0,1,0.00244499,0.00000000,0.00000000,0.00229692,1,401,True
"https://prz.edu.pl/thumb/5XPwVnSlZgfTZBaHgDPTpkIDNveQ,1/pl/news/4/2903/1/LDVQNIxwIeQdlSEVqWFM,ly5a6848.jpg",1,0,1,0.00244499,0.00000000,0.00000000,0.00229692,1,401,True
"https://prz.edu.pl/thumb/5fATtZdGheQwh_VkY9DwhSHg1RRw,1/pl/news/4/2903/1/LDVQNIxwIeQdlSEVqWFM,ly5a6480.jpg",1,0,1,0.00244499,0.00000000,0.00000000,0.00229692,1,401,True
"https://prz.edu.pl/thumb/9KIBp4VUl_Yiled2ccIiRxPyxwZg,1/pl/news/4/2903/1/LDVQNIxwIeQdlSEVqWFM,ly5a6852.jpg",1,0,1,0.00244499,0.00000000,0.00000000,0.00229692,1,401,True
"https://prz.edu.pl/thumb/9dDzVXemZQTRlkDF5qRkQzThtVcWFwQltQQ2tXBWQcEz5UGkA,1/pl/news/4/2903/1/LDVQNIxwIeQdlSEVqWFM,slawosz_prz_tarkowski_64.jpg",1,0,1,0.00244499,0.00000000,0.00000000,0.00229692,1,401,True
"https://prz.edu.pl/thumb/9xEylLZnpMURptRFQvHRtHDB9DVQ,1/pl/news/4/2903/1/LDVQNIxwIeQdlSEVqWFM,ly5a6497.jpg",1,0,1,0.00244499,0.00000000,0.00000000,0.00229692,1,401,True
"https://prz.edu.pl/thumb/A2IRt5VEh-YyhfdmYdLChzPi1xZw,1/pl/news/4/2903/1/LDVQNIxwIeQdlSEVqWFM,ly5a6781.jpg",1,0,1,0.00244499,0.00000000,0.00000000,0.00229692,1,401,True
"https://prz.edu.pl/thumb/AMXmQGKzcBHEg1XQ87FxViH0oEIDAhEwoBEjoGVDVDR28FSxE,1/pl/news/4/2903/1/LDVQNIxwIeQdlSEVqWFM,slawosz_prz_tarkowski_81.jpg",1,0,1,0.00244499,0.00000000,0.00000000,0.00229692,1,401,True
"https://prz.edu.pl/thumb/Ahe0EjDhIkOXIFLDxGcHMqZHcrPQ,1/pl/news/4/2903/1/LDVQNIxwIeQdlSEVqWFM,ly5a7192.jpg",1,0,1,0.00244499,0.00000000,0.00000000,0.00229692,1,401,True
"https://prz.edu.pl/thumb/Alf0UnChYgPX4LfgZEcnouEXgsAVdRdHhhLhgr,1/pl/news/4/2903/1/LDVQNIxwIeQdlSEVqWFM,dsc_1742_as_2048.jpg",1,0,1,0.00244499,0.00000000,0.00000000,0.00229692,1,401,True
"https://prz.edu.pl/thumb/CsYlg6Fws9IGscNSVfaWI0fW4yJA,1/pl/news/4/2903/1/LDVQNIxwIeQdlSEVqWFM,ly5a7115.jpg",1,0,1,0.00244499,0.00000000,0.00000000,0.00229692,1,401,True
"https://prz.edu.pl/thumb/EZTXcVOCQSD1smThwoBAZxDFkXMyMyABkSASkVRyZQU3wWWAI,1/pl/news/4/2903/1/LDVQNIxwIeQdlSEVqWFM,slawosz_prz_tarkowski_86.jpg",1,0,1,0.00244499,0.00000000,0.00000000,0.00229692,1,401,True
"https://prz.edu.pl/thumb/I5LhR2W0dxbCdQeWkSIid1MSJ-aA,1/pl/news/4/2903/1/LDVQNIxwIeQdlSEVqWFM,ly5a6688.jpg",1,0,1,0.00244499,0.00000000,0.00000000,0.00229692,1,401,True
"https://prz.edu.pl/thumb/ICWGIALTEHGlksWSFjUloNNl8LJnB2U19GCT8M,1/pl/news/4/2903/1/LDVQNIxwIeQdlSEVqWFM,dsc_1036_as_2048.jpg",1,0,1,0.00244499,0.00000000,0.00000000,0.00229692,1,401,True
"https://prz.edu.pl/thumb/ILV20PIj4IFUE8VAYyHhxrFkMNKTkoGgMIGzMPXTxBT2YMQhg,1/pl/news/4/2903/1/LDVQNIxwIeQdlSEVqWFM,slawosz_prz_tarkowski_30.jpg",1,0,1,0.00244499,0.00000000,0.00000000,0.00229692,1,401,True
"https://prz.edu.pl/thumb/IyYlg6Fws9IGscNSVebmQyfW4yJA,1/pl/news/4/2903/1/LDVQNIxwIeQdlSEVqWFM,ly5a6673.jpg",1,0,1,0.00244499,0.00000000,0.00000000,0.00229692,1,401,True
"https://prz.edu.pl/thumb/KCWmACLzMFGFMkDR1nUl4IRVYKHA,1/pl/news/4/2903/1/LDVQNIxwIeQdlSEVqWFM,ly5a7251.jpg",1,0,1,0.00244499,0.00000000,0.00000000,0.00229692,1,401,True
"https://prz.edu.pl/thumb/KaeEIgDREnOnkMeQFDdXgjFn8rBlBWc39mKR8s,1/pl/news/4/2903/1/LDVQNIxwIeQdlSEVqWFM,dsc_1718_as_2048.jpg",1,0,1,0.00244499,0.00000000,0.00000000,0.00229692,1,401,True
"https://prz.edu.pl/thumb/KmdE4sAR0rNmIfdyURPT9INWAuChoLOSArOBAsfh9nZUUvYTs,1/pl/news/4/2903/1/LDVQNIxwIeQdlSEVqWFM,slawosz_prz_tarkowski_69.jpg",1,0,1,0.00244499,0.00000000,0.00000000,0.00229692,1,401,True
"https://prz.edu.pl/thumb/OJV20PIj4IFV4pABBrW1cHSFsHEQ,1/pl/news/4/2903/1/LDVQNIxwIeQdlSEVqWFM,ly5a6613.jpg",1,0,1,0.00244499,0.00000000,0.00000000,0.00229692,1,401,True
"https://prz.edu.pl/thumb/OZR30fMi4YBUstQj5-TE8WKUoIFjQ4VhIHGw,1/pl/news/4/2903/1/LDVQNIxwIeQdlSEVqWFM,img_3192_kopia.jpg",1,0,1,0.00244499,0.00000000,0.00000000,0.00229692,1,401,True
"https://prz.edu.pl/thumb/OyZF48EQ07JnIPZzUBLS9YJXA-GgobKTA7KAA8bg93fVU_cSs,1/pl/news/4/2903/1/LDVQNIxwIeQdlSEVqWFM,slawosz_prz_tarkowski_61.jpg",1,0,1,0.00244499,0.00000000,0.00000000,0.00229692,1,401,True
"https://prz.edu.pl/thumb/QBQXsZNCgeA0A1QDh6SkYXL0YSP2lvSkZfECYV,1/pl/news/4/2903/1/LDVQNIxwIeQdlSEVqWFM,dsc_1165_as_2048.jpg",1,0,1,0.00244499,0.00000000,0.00000000,0.00229692,1,401,True
"https://prz.edu.pl/thumb/QCQHoYNSkfAkk-Fwd8QkkSX0wQBg,1/pl/news/4/2903/1/LDVQNIxwIeQdlSEVqWFM,ly5a6881.jpg",1,0,1,0.00244499,0.00000000,0.00000000,0.00229692,1,401,True
"https://prz.edu.pl/thumb/SJS3ETPiIUCUo_SjJwR04cJUwYNWNlQExVGiwf,1/pl/news/4/2903/1/LDVQNIxwIeQdlSEVqWFM,dsc_1644_as_2048.jpg",1,0,1,0.00244499,0.00000000,0.00000000,0.00229692,1,401,True
"https://prz.edu.pl/thumb/STVW8NIDwKF1wrAhJpXlMOSlkFEw,1/pl/news/4/2903/1/LDVQNIxwIeQdlSEVqWFM,ly5a6178.jpg",1,0,1,0.00244499,0.00000000,0.00000000,0.00229692,1,401,True
"https://prz.edu.pl/thumb/Sja1EzHgI0KWofahJQZmo4BWw4FUNFYGx1Ogw_,1/pl/news/4/2903/1/LDVQNIxwIeQdlSEVqWFM,dsc_1700_as_2048.jpg",1,0,1,0.00244499,0.00000000,0.00000000,0.00229692,1,401,True
"https://prz.edu.pl/thumb/StdU8tABwqN3wLIjJJfnQkanklMw,1/pl/news/4/2903/1/LDVQNIxwIeQdlSEVqWFM,ly5a6102.jpg",1,0,1,0.00244499,0.00000000,0.00000000,0.00229692,1,401,True
"https://prz.edu.pl/thumb/UMSnASPyMVCEs-SzNxQEgbJE0ZNGJkQU1UGy0e,1/pl/news/4/2903/1/LDVQNIxwIeQdlSEVqWFM,dsc_1032_as_2048.jpg",1,0,1,0.00244499,0.00000000,0.00000000,0.00229692,1,401,True
"https://prz.edu.pl/thumb/UjbVc1GAQyL2QTOipRZ203cmE9Kw,1/pl/news/4/2903/1/LDVQNIxwIeQdlSEVqWFM,ly5a6019.jpg",1,0,1,0.00244499,0.00000000,0.00000000,0.00229692,1,401,True
"https://prz.edu.pl/thumb/ZaaVMxHAA2K2AXPi5UY2EydmU5Lw,1/pl/news/4/2903/1/LDVQNIxwIeQdlSEVqWFM,ly5a7098.jpg",1,0,1,0.00244499,0.00000000,0.00000000,0.00229692,1,401,True
"https://prz.edu.pl/thumb/ZqeUMhDBAmO3gNeABCcHkqF34qB1FXcn5nKB4t,1/pl/news/4/2903/1/LDVQNIxwIeQdlSEVqWFM,dsc_1310_as_2048.jpg",1,0,1,0.00244499,0.00000000,0.00000000,0.00229692,1,401,True
"https://prz.edu.pl/thumb/b7Bz1fcm5YRQ55UEA6DQJSGAtXQQ,1/pl/news/4/2903/1/LDVQNIxwIeQdlSEVqWFM,ly5a7046.jpg",1,0,1,0.00244499,0.00000000,0.00000000,0.00229692,1,401,True
"https://prz.edu.pl/thumb/bJekAiDxMlOHMELT1Gd3ksZXYqPA,1/pl/news/4/2903/1/LDVQNIxwIeQdlSEVqWFM,ly5a6725.jpg",1,0,1,0.00244499,0.00000000,0.00000000,0.00229692,1,401,True
"https://prz.edu.pl/thumb/bRYlg6Fws9IGscNSVeamM2fW4yJA,1/pl/news/4/2903/1/LDVQNIxwIeQdlSEVqWFM,ly5a6207.jpg",1,0,1,0.00244499,0.00000000,0.00000000,0.00229692,1,401,True
"https://prz.edu.pl/thumb/bcU2kLJjoMEUU4UAI2GhhvEkcJLT0sHgcMHzcLWThHQ2IIRhw,1/pl/news/4/2903/1/LDVQNIxwIeQdlSEVqWFM,slawosz_prz_tarkowski_18.jpg",1,0,1,0.00244499,0.00000000,0.00000000,0.00229692,1,401,True
"https://prz.edu.pl/thumb/d0Bjxec29ZRA94UUE5BQRcGQpWQA,1/pl/news/4/2903/1/LDVQNIxwIeQdlSEVqWFM,ly5a5939.jpg",1,0,1,0.00244499,0.00000000,0.00000000,0.00229692,1,401,True
"https://prz.edu.pl/thumb/dBdE4sAR0rNn0KIzNIenIna3gkMg,1/pl/news/4/2903/1/LDVQNIxwIeQdlSEVqWFM,ly5a6470.jpg",1,0,1,0.00244499,0.00000000,0.00000000,0.00229692,1,401,True
"https://prz.edu.pl/thumb/dkXWcFKDQCH1QjChpgVlQIQlENGw,1/pl/news/4/2903/1/LDVQNIxwIeQdlSEVqWFM,ly5a7186.jpg",1,0,1,0.00244499,0.00000000,0.00000000,0.00229692,1,401,True
"https://prz.edu.pl/thumb/fDcEooBRkvMnkOJzdNenAlb3wgNg,1/pl/news/4/2903/1/LDVQNIxwIeQdlSEVqWFM,ly5a7016.jpg",1,0,1,0.00244499,0.00000000,0.00000000,0.00229692,1,401,True
"https://prz.edu.pl/thumb/fxTHYUOSUTDk04TTV2T0gbIksfMmRiR0tSHSsY,1/pl/news/4/2903/1/LDVQNIxwIeQdlSEVqWFM,dsc_0954_as_2048.jpg",1,0,1,0.00244499,0.00000000,0.00000000,0.00229692,1,401,True
"https://prz.edu.pl/thumb/h1CzFTfmJUSQJ1XEw3AQNdFAdbTQ,1/pl/news/4/2903/1/LDVQNIxwIeQdlSEVqWFM,ly5a6095.jpg",1,0,1,0.00244499,0.00000000,0.00000000,0.00229692,1,401,True
"https://prz.edu.pl/thumb/hJcEooBRkvMnkOJzdMcnEnb3wgNg,1/pl/news/4/2903/1/LDVQNIxwIeQdlSEVqWFM,ly5a6804.jpg",1,0,1,0.00244499,0.00000000,0.00000000,0.00229692,1,401,True
"https://prz.edu.pl/thumb/hvTHYUOSUTDk04TTV2T04aIksfMmRiR0tSHSsY,1/pl/news/4/2903/1/LDVQNIxwIeQdlSEVqWFM,dsc_0935_as_2048.jpg",1,0,1,0.00244499,0.00000000,0.00000000,0.00229692,1,401,True
"https://prz.edu.pl/thumb/jTbFY0GQUzLnoHbz0JJSdQLXg2EgITITgzIAg0Zgd9dF03eSM,1/pl/news/4/2903/1/LDVQNIxwIeQdlSEVqWFM,slawosz_prz_tarkowski_40.jpg",1,0,1,0.00244499,0.00000000,0.00000000,0.00229692,1,401,True
"https://prz.edu.pl/thumb/jaWWMBLDAGG1AnDh5lVl8IRlUJHw,1/pl/news/4/2903/1/LDVQNIxwIeQdlSEVqWFM,ly5a6572.jpg",1,0,1,0.00244499,0.00000000,0.00000000,0.00229692,1,401,True
"https://prz.edu.pl/thumb/jvTnQWOycRDEcwGQlyQkwbUUIeCA,1/pl/news/4/2903/1/LDVQNIxwIeQdlSEVqWFM,ly5a6636.jpg",1,0,1,0.00244499,0.00000000,0.00000000,0.00229692,1,401,True
"https://prz.edu.pl/thumb/l8Bjxec29ZRA94UUE6DwNVGQpWQA,1/pl/news/4/2903/1/LDVQNIxwIeQdlSEVqWFM,ly5a6340.jpg",1,0,1,0.00244499,0.00000000,0.00000000,0.00229692,1,401,True
"https://prz.edu.pl/thumb/lyR30fMi4YBU45EAB6T0QQWEsXAQ,1/pl/news/4/2903/1/LDVQNIxwIeQdlSEVqWFM,ly5a7224.jpg",1,0,1,0.00244499,0.00000000,0.00000000,0.00229692,1,401,True
"https://prz.edu.pl/thumb/n9BT9dcGxaRwx7UkI4DgxeGglVQw,1/pl/news/4/2903/1/LDVQNIxwIeQdlSEVqWFM,ly5a7188.jpg",1,0,1,0.00244499,0.00000000,0.00000000,0.00229692,1,401,True
"https://prz.edu.pl/thumb/nlUGoIJTkPElkuBxdtWlYDT1wAFg,1/pl/news/4/2903/1/LDVQNIxwIeQdlSEVqWFM,ly5a7070.jpg",1,0,1,0.00244499,0.00000000,0.00000000,0.00229692,1,401,True
"https://prz.edu.pl/thumb/pcQXsZNCgeA0A1QDh6TUgXL0YSP2lvSkZfECYV,1/pl/news/4/2903/1/LDVQNIxwIeQdlSEVqWFM,dsc_1685_as_2048.jpg",1,0,1,0.00244499,0.00000000,0.00000000,0.00229692,1,401,True
"https://prz.edu.pl/thumb/rPcEooBRkvMnkOJzdMc3Ejb3wgNg,1/pl/news/4/2903/1/LDVQNIxwIeQdlSEVqWFM,ly5a6900.jpg",1,0,1,0.00244499,0.00000000,0.00000000,0.00229692,1,401,True
"https://prz.edu.pl/thumb/rhSHIQPSEXCkE2Hw91Q0gSV0QYDg,1/pl/news/4/2903/1/LDVQNIxwIeQdlSEVqWFM,ly5a7119.jpg",1,0,1,0.00244499,0.00000000,0.00000000,0.00229692,1,401,True
"https://prz.edu.pl/thumb/t4EihKZ3tNUAR5EUN3W1kuUwZIbHxtX0ZNXnZKGHkECSNJB10,1/pl/news/4/2903/1/LDVQNIxwIeQdlSEVqWFM,slawosz_prz_tarkowski_33.jpg",1,0,1,0.00244499,0.00000000,0.00000000,0.00229692,1,401,True
"https://prz.edu.pl/thumb/tGYVs5FAg-I2gfNiZdbGQ2fm0xJw,1/pl/news/4/2903/1/LDVQNIxwIeQdlSEVqWFM,ly5a6744.jpg",1,0,1,0.00244499,0.00000000,0.00000000,0.00229692,1,401,True
"https://prz.edu.pl/thumb/tcRX8dMCwaB0QxRDx-TkMUK0IWO21rTkJbFCIR,1/pl/news/4/2903/1/LDVQNIxwIeQdlSEVqWFM,dsc_1172_as_2048.jpg",1,0,1,0.00244499,0.00000000,0.00000000,0.00229692,1,401,True
"https://prz.edu.pl/thumb/v4ECpIZXlPUhluR1cvExhKDxxAVg,1/pl/news/4/2903/1/LDVQNIxwIeQdlSEVqWFM,ly5a5999.jpg",1,0,1,0.00244499,0.00000000,0.00000000,0.00229692,1,401,True
"https://prz.edu.pl/thumb/yAalAyHwM1KGMUPS1WYWg7dWY6LA,1/pl/news/4/2903/1/LDVQNIxwIeQdlSEVqWFM,ly5a6132.jpg",1,0,1,0.00244499,0.00000000,0.00000000,0.00229692,1,401,True
"https://prz.edu.pl/thumb/yHY1k7Fgo8IWodNCRfb2cwfG8zJQ,1/pl/news/4/2903/1/LDVQNIxwIeQdlSEVqWFM,ly5a6650.jpg",1,0,1,0.00244499,0.00000000,0.00000000,0.00229692,1,401,True
https://biurokarier.prz.edu.pl/,0,0,0,0.00000000,0.00000000,0.00000000,0.00228431,2,1,False
https://bon.prz.edu.pl/,0,0,0,0.00000000,0.00000000,0.00000000,0.00228431,9,1,False
https://cas.prz.edu.pl/cas/login?service=https://prz.edu.pl/cas/login/front&redirect=/&locale=pl,0,0,0,0.00000000,0.00000000,0.00000000,0.00228431,3,1,False
https://cel.prz.edu.pl/centrala-telefoniczna,0,0,0,0.00000000,0.00000000,0.00000000,0.00228431,5,1,False
https://rekrutacja.prz.edu.pl/,0,0,0,0.00000000,0.00000000,0.00000000,0.00228431,4,1,False
https://sekcjasocjalna.prz.edu.pl/,0,0,0,0.00000000,0.00000000,0.00000000,0.00228431,7,1,False
https://v.prz.edu.pl/,0,0,0,0.00000000,0.00000000,0.00000000,0.00228431,10,1,False
https://w.prz.edu.pl/wyszukiwarka/struktura.html,0,0,0,0.00000000,0.00000000,0.00000000,0.00228431,8,1,False
https://webmail.prz.edu.pl/,0,0,0,0.00000000,0.00000000,0.00000000,0.00228431,6,1,False
